herd,sowid,litter,lmort,herdtype,year,month,quarter,sow_parity,sow_tx,dead,lsize,n,stillb
34,34073,5058,1,1,1991,1,1,5,0,5,11,11,1
37,37309,6224,1,1,1991,3,1,1,1,3,15,15,1
25,25078,1661,0,0,1991,10,4,3,2,0,6,9,1
28,28069,3541,0,0,1990,11,4,2,3,0,10,10,4
21,21058,416,0,0,1991,4,2,1,4,0,6,10,0
36,36075,5496,0,1,1991,8,3,2,5,0,6,8,6
23,23025,997,1,0,1991,4,2,9,6,11,14,15,3
33,33036,4665,1,1,1991,2,1,6,7,6,16,16,5
33,33132,4910,1,1,1991,6,2,1,9,2,12,12,0
37,37013,5556,1,1,1990,10,4,8,0,1,9,10,1
37,37397,6339,0,1,1991,11,4,1,0,0,10,8,0
25,25148,1788,0,0,1991,5,2,7,0,0,15,10,4
27,27036,3059,0,0,1990,12,4,4,0,0,14,10,0
33,33120,4889,0,1,1991,9,3,2,0,0,9,10,0
24,24104,1457,0,0,1991,6,2,1,0,0,6,6,0
26,26074,2409,0,0,1990,10,4,4,0,0,11,11,0
25,25317,2176,0,0,1991,2,1,3,0,0,8,11,1
30,30161,3963,0,0,1991,3,1,3,0,0,12,11,1
31,31186,4375,1,0,1991,5,2,8,0,3,11,10,2
37,37382,6324,0,1,1991,9,3,1,0,0,13,10,0
22,22086,636,0,0,1990,11,4,1,0,0,10,10,1
20,20002,4,1,0,1991,7,3,4,0,3,9,12,0
25,25238,1977,0,0,1991,5,2,5,0,0,12,11,3
37,37058,5658,1,1,1991,2,1,5,0,3,16,12,1
31,31241,4511,1,0,1990,10,4,4,0,1,11,10,1
27,27014,3002,0,0,1991,6,2,7,0,0,12,9,0
23,23120,1197,1,0,1991,9,3,2,0,2,15,14,0
31,31012,4034,0,0,1990,10,4,2,0,0,12,10,0
31,31244,4518,0,0,1991,1,1,4,0,0,13,8,0
31,31249,4529,0,0,1990,10,4,4,0,0,10,10,0
33,33053,4714,1,1,1991,4,2,5,0,1,4,4,0
26,26073,2407,1,0,1991,3,1,6,0,1,12,10,3
37,37238,6061,1,1,1991,1,1,3,0,3,5,10,0
34,34118,5169,0,1,1991,3,1,3,0,0,11,11,0
23,23034,1015,1,0,1990,12,4,5,0,1,13,10,2
22,22181,875,0,0,1991,10,4,2,0,0,11,10,0
31,31208,4425,1,0,1991,1,1,6,0,2,10,12,0
23,23054,1058,1,0,1991,9,3,5,0,2,12,12,0
27,27012,2996,1,0,1990,11,4,6,0,2,14,12,0
37,37077,5702,0,1,1991,8,3,6,0,0,11,8,1
27,27141,3300,0,0,1991,7,3,1,0,0,6,11,0
26,26102,2484,1,0,1991,6,2,5,0,3,12,13,3
33,33038,4669,1,1,1990,10,4,5,0,1,10,9,0
27,27186,3383,0,0,1991,2,1,2,0,0,14,9,0
31,31099,4243,1,0,1991,8,3,2,0,1,11,11,1
30,30095,3812,0,0,1990,12,4,5,0,0,11,11,0
22,22166,847,0,0,1991,9,3,2,0,0,11,10,0
37,37050,5640,1,1,1990,12,4,5,0,1,15,9,0
38,38005,6354,0,1,1991,9,3,5,0,0,9,9,3
22,22213,941,0,0,1991,2,1,6,0,0,13,11,1
25,25335,2221,0,0,1991,7,3,3,0,0,12,10,3
27,27060,3122,1,0,1991,5,2,4,0,2,13,12,0
33,33038,4670,1,1,1991,2,1,6,0,2,10,12,0
31,31126,4295,1,0,1991,4,2,1,0,1,12,12,0
31,31014,4040,0,0,1990,12,4,2,0,0,12,9,0
37,37169,5904,0,1,1991,10,4,8,0,0,13,10,1
30,30010,3646,0,0,1990,12,4,1,0,0,1,5,5
34,34117,5166,1,1,1991,4,2,3,0,1,12,12,1
24,24046,1333,0,0,1991,9,3,6,0,0,13,12,0
25,25138,1767,0,0,1991,1,1,7,0,0,10,11,0
25,25316,2173,0,0,1991,3,1,3,0,0,8,9,0
34,34081,5079,0,1,1991,7,3,6,0,0,12,12,2
30,30164,3971,0,0,1991,9,3,4,0,0,11,8,0
30,30012,3652,1,0,1991,10,4,3,0,1,12,11,0
22,22142,788,0,0,1991,10,4,3,0,0,11,10,1
22,22124,739,0,0,1991,6,2,4,0,0,14,11,0
31,31232,4492,1,0,1991,11,4,7,0,1,9,11,1
20,20024,56,0,0,1991,12,4,4,0,0,14,14,2
38,38009,6361,1,1,1991,4,2,5,0,1,7,9,2
38,38062,6482,1,1,1991,9,3,2,0,3,10,9,0
34,34095,5107,1,1,1991,1,1,4,0,3,15,14,0
37,37346,6288,0,1,1991,7,3,1,0,0,11,11,0
20,20123,244,1,0,1991,8,3,5,0,4,14,12,0
26,26312,2953,1,0,1991,8,3,1,0,1,13,13,0
26,26080,2424,0,0,1990,11,4,4,0,0,7,9,0
20,20033,76,0,0,1990,12,4,1,0,0,11,5,2
26,26055,2369,0,0,1991,5,2,6,0,0,11,11,1
20,20120,235,1,0,1991,5,2,5,0,2,13,10,1
30,30145,3922,0,0,1991,5,2,4,0,0,16,7,1
24,24020,1271,0,0,1991,10,4,8,0,0,9,9,0
25,25145,1783,1,0,1991,11,4,8,0,4,14,13,1
22,22126,744,1,0,1991,1,1,3,0,1,10,11,0
26,26241,2837,0,0,1991,3,1,1,0,0,12,10,0
34,34173,5289,1,1,1991,9,3,2,0,4,12,12,0
25,25331,2209,1,0,1991,6,2,1,0,7,11,13,1
34,34213,5341,1,1,1991,10,4,1,0,1,9,10,1
22,22013,491,0,0,1991,1,1,2,0,0,8,9,1
34,34044,5003,1,1,1991,3,1,7,0,1,9,11,0
27,27001,2977,1,0,1990,10,4,8,0,2,13,12,1
31,31276,4591,0,0,1991,2,1,3,0,0,10,11,0
30,30118,3859,0,0,1991,6,2,5,0,0,14,12,1
34,34020,4966,1,1,1991,5,2,3,0,1,10,12,0
34,34210,5338,1,1,1991,9,3,1,0,1,12,10,0
22,22206,927,0,0,1991,11,4,8,0,0,11,10,1
25,25075,1652,1,0,1991,5,2,2,0,1,0,11,0
33,33022,4633,1,1,1990,12,4,6,0,1,13,13,0
27,27074,3160,1,0,1991,10,4,4,0,1,12,11,1
37,37173,5913,1,1,1991,9,3,8,0,2,12,10,6
38,38022,6388,0,1,1990,11,4,2,0,0,7,9,1
37,37289,6182,1,1,1990,12,4,1,0,3,10,11,2
22,22186,884,0,0,1991,6,2,1,0,0,11,10,0
37,37277,6153,0,1,1991,3,1,2,0,0,11,8,0
30,30173,3989,1,0,1991,1,1,2,0,1,13,10,0
37,37025,5581,1,1,1991,10,4,8,0,2,9,8,5
31,31181,4365,0,0,1990,12,4,8,0,0,8,9,0
27,27121,3266,0,0,1991,9,3,2,0,0,11,9,0
23,23121,1199,1,0,1991,9,3,2,0,1,8,7,0
37,37137,5847,1,1,1990,12,4,3,0,1,15,9,0
38,38072,6497,1,1,1991,11,4,2,0,2,12,12,2
37,37052,5645,1,1,1990,12,4,5,0,2,13,11,0
31,31143,4322,0,0,1991,4,2,5,0,0,10,10,1
24,24117,1473,1,0,1991,8,3,1,0,1,12,18,0
36,36043,5441,1,1,1991,9,3,4,0,2,12,14,3
28,28037,3461,1,0,1991,2,1,6,0,4,16,13,1
25,25218,1931,1,0,1991,7,3,6,0,3,10,12,0
37,37257,6102,1,1,1990,11,4,2,0,1,11,10,0
37,37301,6209,1,1,1991,7,3,2,0,1,10,10,0
27,27164,3325,0,0,1991,5,2,5,0,0,13,8,0
26,26024,2300,0,0,1991,8,3,8,0,0,6,9,3
34,34059,5028,1,1,1991,7,3,6,0,2,9,9,3
24,24091,1435,0,0,1991,3,1,1,0,0,8,10,1
27,27090,3199,0,0,1991,7,3,7,0,0,14,12,2
23,23070,1096,1,0,1991,3,1,3,0,1,3,4,0
23,23056,1062,0,0,1990,10,4,3,0,0,9,9,1
22,22153,816,1,0,1991,2,1,1,0,1,12,12,0
31,31239,4509,0,0,1991,11,4,7,0,0,9,10,1
26,26276,2893,1,0,1991,5,2,1,0,1,14,10,0
26,26011,2267,0,0,1990,10,4,9,0,0,4,7,0
30,30116,3856,0,0,1991,8,3,6,0,0,14,11,1
24,24119,1475,1,0,1991,9,3,1,0,1,10,15,0
27,27117,3259,0,0,1991,8,3,2,0,0,14,11,0
31,31091,4225,1,0,1991,2,1,1,0,2,11,10,0
27,27064,3132,0,0,1991,1,1,3,0,0,16,9,0
24,24135,1496,0,0,1991,5,2,4,0,0,10,11,3
37,37318,6240,0,1,1991,4,2,1,0,0,10,10,0
27,27007,2985,1,0,1990,10,4,6,0,1,11,9,2
37,37048,5636,0,1,1991,2,1,5,0,0,10,10,1
25,25224,1942,1,0,1991,3,1,5,0,2,11,12,1
20,20084,160,1,0,1991,5,2,7,0,2,11,10,1
20,20093,177,1,0,1991,1,1,6,0,1,13,12,0
37,37233,6049,0,1,1991,3,1,3,0,0,11,10,0
27,27167,3333,0,0,1990,12,4,4,0,0,8,10,1
38,38081,6506,1,1,1991,9,3,1,0,5,8,13,0
31,31072,4184,1,0,1991,11,4,3,0,1,10,12,0
30,30006,3634,0,0,1990,11,4,1,0,0,9,10,0
37,37200,5967,1,1,1990,12,4,4,0,2,13,11,3
33,33122,4893,0,1,1991,9,3,2,0,0,12,10,0
31,31223,4465,0,0,1991,4,2,6,0,0,12,11,1
37,37368,6311,1,1,1991,8,3,1,0,1,13,11,1
24,24082,1414,1,0,1991,3,1,2,0,1,10,9,1
37,37109,5781,0,1,1991,2,1,4,0,0,11,10,1
31,31076,4192,1,0,1991,7,3,2,0,1,13,10,0
37,37274,6147,0,1,1991,7,3,3,0,0,14,10,0
20,20091,172,1,0,1991,3,1,6,0,1,13,12,0
37,37111,5787,0,1,1991,6,2,5,0,0,6,8,0
36,36011,5367,1,1,1991,3,1,2,0,1,11,11,0
20,20051,118,0,0,1991,8,3,1,0,0,14,14,0
33,33054,4717,1,1,1991,4,2,5,0,1,10,11,0
26,26165,2648,0,0,1991,6,2,3,0,0,10,10,0
25,25161,1811,1,0,1990,11,4,6,0,1,14,12,3
27,27173,3352,1,0,1991,11,4,6,0,2,15,12,0
27,27122,3268,1,0,1991,10,4,2,0,2,12,11,1
38,38098,6538,1,1,1991,7,3,6,0,3,14,12,2
27,27036,3061,1,0,1991,10,4,6,0,2,16,12,1
23,23030,1008,1,0,1991,6,2,7,0,4,11,11,1
25,25242,1988,1,0,1991,5,2,5,0,3,13,11,0
26,26151,2612,1,0,1991,6,2,4,0,1,8,8,3
30,30027,3692,0,0,1991,7,3,2,0,0,11,10,0
30,30029,3696,0,0,1991,8,3,2,0,0,14,11,0
26,26238,2831,0,0,1991,3,1,1,0,0,8,7,0
36,36103,5533,1,1,1990,11,4,7,0,1,9,9,0
23,23007,961,0,0,1991,9,3,13,0,0,6,6,1
31,31015,4044,1,0,1991,5,2,3,0,1,13,10,0
30,30140,3908,0,0,1990,12,4,3,0,0,16,13,0
26,26190,2716,0,0,1991,5,2,2,0,0,4,10,2
25,25222,1937,0,0,1990,12,4,4,0,0,9,8,2
38,38022,6390,1,1,1991,8,3,4,0,3,13,13,0
30,30148,3930,0,0,1991,9,3,1,0,0,8,9,1
23,23075,1109,0,0,1991,4,2,5,0,0,13,13,0
37,37109,5782,1,1,1991,7,3,5,0,1,13,10,1
25,25037,1567,0,0,1991,10,4,1,0,0,11,8,1
27,27063,3130,1,0,1991,1,1,2,0,2,11,12,3
26,26159,2631,0,0,1991,3,1,4,0,0,11,10,0
20,20056,127,1,0,1991,5,2,1,0,3,14,16,1
30,30183,4004,1,0,1991,11,4,1,0,1,10,11,0
20,20078,153,0,0,1991,11,4,1,0,0,6,6,0
20,20057,128,0,0,1991,5,2,1,0,0,6,8,1
31,31261,4560,1,0,1991,8,3,5,0,1,10,11,1
26,26205,2757,1,0,1991,6,2,2,0,1,10,10,0
25,25200,1896,1,0,1991,10,4,7,0,2,14,13,1
25,25198,1889,0,0,1991,1,1,5,0,0,4,9,0
26,26019,2289,1,0,1991,6,2,9,0,2,8,10,1
38,38093,6529,0,1,1991,5,2,6,0,0,7,12,0
30,30162,3967,0,0,1991,8,3,4,0,0,14,10,1
37,37189,5944,0,1,1991,4,2,6,0,0,11,9,7
23,23040,1028,1,0,1990,10,4,4,0,2,9,9,0
31,31253,4540,0,0,1991,11,4,6,0,0,9,9,0
26,26091,2454,0,0,1991,5,2,5,0,0,9,9,2
31,31215,4443,0,0,1991,4,2,6,0,0,11,10,1
27,27099,3224,0,0,1991,6,2,2,0,0,12,9,0
26,26273,2888,1,0,1991,4,2,1,0,1,12,11,2
26,26038,2329,1,0,1990,11,4,6,0,1,11,11,0
22,22205,924,0,0,1990,12,4,6,0,0,10,7,5
20,20031,71,1,0,1991,2,1,1,0,8,15,15,1
26,26212,2777,1,0,1991,11,4,3,0,1,16,12,0
34,34009,4949,0,1,1991,8,3,5,0,0,13,12,2
26,26239,2834,0,0,1991,8,3,2,0,0,9,10,1
26,26180,2689,1,0,1991,9,3,3,0,1,11,11,0
25,25094,1693,0,0,1991,7,3,2,0,0,4,11,0
31,31180,4363,0,0,1990,10,4,3,0,0,14,10,0
23,23080,1121,1,0,1991,1,1,2,0,2,9,9,1
30,30143,3916,1,0,1991,6,2,4,0,1,12,11,0
27,27084,3184,0,0,1991,3,1,2,0,0,10,10,3
28,28115,3617,0,0,1991,10,4,1,0,0,12,29,1
37,37088,5732,1,1,1991,9,3,6,0,3,8,8,1
25,25336,2222,0,0,1990,12,4,2,0,0,11,10,1
37,37168,5901,0,1,1991,8,3,8,0,0,10,10,3
27,27019,3017,1,0,1991,8,3,7,0,2,14,12,0
23,23062,1079,1,0,1991,6,2,4,0,2,10,11,0
30,30141,3911,1,0,1991,2,1,3,0,2,13,6,0
26,26033,2319,1,0,1991,2,1,8,0,3,9,12,0
26,26259,2869,0,0,1991,4,2,1,0,0,13,10,0
37,37216,6007,0,1,1991,4,2,4,0,0,13,8,0
23,23039,1025,1,0,1991,1,1,5,0,1,7,5,4
25,25145,1781,0,0,1991,1,1,6,0,0,12,11,0
37,37070,5683,0,1,1991,7,3,6,0,0,12,9,3
24,24048,1338,1,0,1991,5,2,4,0,3,12,12,4
31,31017,4050,0,0,1991,10,4,4,0,0,10,10,1
33,33062,4742,0,1,1991,11,4,6,0,0,12,11,3
28,28094,3594,1,0,1991,11,4,2,0,1,8,10,1
20,20121,238,1,0,1991,7,3,5,0,2,18,14,0
23,23129,1213,1,0,1991,11,4,2,0,5,16,17,0
30,30139,3907,1,0,1991,9,3,1,0,2,9,18,1
24,24073,1397,1,0,1991,7,3,3,0,2,9,10,0
38,38031,6411,1,1,1991,3,1,1,0,1,4,6,2
37,37237,6060,1,1,1991,6,2,4,0,1,14,11,5
26,26150,2609,1,0,1991,6,2,4,0,2,16,10,1
33,33126,4899,1,1,1991,5,2,1,0,2,10,13,2
31,31214,4440,0,0,1991,3,1,6,0,0,16,10,0
23,23111,1181,0,0,1991,7,3,2,0,0,15,10,0
20,20043,103,1,0,1991,3,1,1,0,5,14,14,0
20,20101,197,1,0,1991,5,2,6,0,3,13,14,1
30,30032,3701,1,0,1991,3,1,1,0,1,9,22,0
27,27087,3191,0,0,1991,4,2,6,0,0,11,9,0
34,34172,5287,1,1,1991,9,3,2,0,1,5,7,1
26,26247,2847,1,0,1991,3,1,1,0,1,9,9,1
30,30021,3677,1,0,1991,6,2,2,0,3,14,12,0
22,22050,549,0,0,1990,10,4,1,0,0,12,10,0
27,27105,3238,0,0,1991,7,3,2,0,0,12,10,2
31,31246,4521,1,0,1990,10,4,4,0,1,13,9,0
23,23051,1051,0,0,1991,8,3,5,0,0,12,13,0
23,23063,1082,1,0,1991,6,2,4,0,2,15,15,0
25,25022,1550,1,0,1991,8,3,3,0,1,9,12,0
30,30156,3947,0,0,1990,10,4,2,0,0,11,10,1
22,22192,895,0,0,1991,2,1,8,0,0,9,11,4
26,26112,2511,0,0,1991,11,4,6,0,0,12,11,0
23,23094,1149,1,0,1990,12,4,1,0,2,9,9,0
37,37180,5929,1,1,1991,11,4,8,0,1,12,12,0
27,27075,3162,0,0,1991,6,2,3,0,0,11,10,0
37,37021,5572,1,1,1990,11,4,7,0,1,13,9,0
31,31021,4061,1,0,1991,5,2,3,0,1,15,11,0
31,31200,4403,0,0,1991,4,2,7,0,0,15,10,2
31,31262,4562,0,0,1991,4,2,4,0,0,5,10,0
24,24144,1511,1,0,1991,10,4,9,0,3,10,9,0
37,37251,6085,0,1,1991,4,2,3,0,0,8,10,0
30,30122,3869,0,0,1990,10,4,1,0,0,11,11,0
30,30048,3731,0,0,1991,5,2,1,0,0,12,12,0
38,38060,6477,0,1,1991,4,2,1,0,0,14,10,1
26,26255,2862,1,0,1991,8,3,2,0,1,10,11,3
20,20035,84,0,0,1991,11,4,3,0,0,11,11,4
33,33105,4857,1,1,1991,8,3,3,0,1,13,11,0
38,38012,6367,0,1,1990,12,4,3,0,0,8,8,1
20,20090,171,1,0,1991,7,3,7,0,1,12,11,1
33,33070,4766,0,1,1991,10,4,5,0,0,9,9,0
36,36015,5375,1,1,1991,5,2,2,0,1,10,10,2
36,36016,5379,1,1,1991,10,4,6,0,3,14,13,2
26,26106,2496,0,0,1991,11,4,6,0,0,12,11,0
37,37251,6084,1,1,1990,11,4,2,0,1,8,10,0
37,37373,6316,0,1,1991,9,3,1,0,0,9,8,0
26,26025,2302,1,0,1991,4,2,8,0,1,10,9,4
26,26057,2373,0,0,1991,2,1,5,0,0,10,11,3
37,37040,5615,1,1,1991,5,2,8,0,1,8,8,1
31,31177,4360,1,0,1991,11,4,1,0,4,10,8,1
30,30015,3660,0,0,1991,11,4,3,0,0,12,11,0
31,31159,4340,1,0,1991,8,3,1,0,1,10,10,1
26,26118,2527,0,0,1991,6,2,5,0,0,12,11,5
37,37258,6105,0,1,1990,11,4,2,0,0,4,8,0
38,38044,6446,1,1,1991,8,3,2,0,1,12,11,4
37,37212,5996,0,1,1990,12,4,3,0,0,9,10,0
25,25253,2016,1,0,1991,1,1,4,0,4,11,14,0
27,27170,3342,0,0,1991,5,2,5,0,0,10,9,1
27,27030,3045,0,0,1991,3,1,5,0,0,12,9,1
31,31216,4447,0,0,1991,8,3,7,0,0,4,7,1
25,25061,1615,1,0,1990,12,4,6,0,1,7,10,0
31,31275,4589,1,0,1991,6,2,4,0,1,9,11,0
37,37188,5941,0,1,1991,4,2,6,0,0,12,10,1
26,26008,2263,0,0,1991,2,1,9,0,0,13,10,0
24,24020,1270,0,0,1991,5,2,7,0,0,8,9,0
26,26042,2341,0,0,1991,10,4,8,0,0,11,11,1
26,26090,2452,0,0,1991,11,4,6,0,0,4,4,3
26,26279,2900,1,0,1991,9,3,2,0,2,9,9,0
25,25216,1926,1,0,1991,2,1,5,0,1,13,12,2
22,22164,842,0,0,1991,4,2,1,0,0,11,9,3
27,27043,3079,1,0,1990,11,4,3,0,1,13,11,0
23,23106,1172,0,0,1991,7,3,2,0,0,11,11,0
21,21087,456,0,0,1991,10,4,1,0,0,10,10,3
22,22111,701,0,0,1990,11,4,3,0,0,13,11,0
24,24058,1364,1,0,1991,7,3,4,0,1,13,13,3
38,38010,6363,1,1,1990,11,4,4,0,1,8,10,0
30,30089,3800,0,0,1991,8,3,7,0,0,14,8,2
34,34148,5238,0,1,1990,11,4,1,0,0,8,8,0
21,21005,295,1,0,1991,3,1,6,0,1,13,12,0
24,24123,1479,0,0,1991,10,4,1,0,0,9,9,1
24,24077,1402,1,0,1991,2,1,2,0,1,11,11,0
25,25248,2003,0,0,1990,11,4,3,0,0,10,10,0
34,34125,5187,1,1,1991,5,2,4,0,1,9,10,0
37,37320,6244,0,1,1991,4,2,1,0,0,11,9,0
26,26062,2381,0,0,1990,10,4,5,0,0,12,10,0
24,24005,1244,1,0,1991,4,2,11,0,2,9,9,3
34,34174,5290,1,1,1991,3,1,1,0,2,11,11,0
30,30173,3990,1,0,1991,6,2,3,0,4,11,13,0
34,34099,5118,1,1,1991,1,1,4,0,5,13,13,2
36,36026,5406,1,1,1991,11,4,5,0,1,11,10,0
28,28030,3446,1,0,1991,10,4,7,0,4,14,10,1
34,34185,5310,1,1,1991,10,4,2,0,1,10,11,0
27,27059,3119,1,0,1991,5,2,4,0,3,11,12,0
26,26120,2532,1,0,1990,11,4,3,0,1,7,7,0
22,22117,719,1,0,1991,6,2,4,0,2,13,11,0
37,37280,6161,1,1,1991,3,1,2,0,1,12,10,0
26,26165,2649,1,0,1991,10,4,4,0,1,9,10,2
30,30082,3784,0,0,1991,9,3,7,0,0,11,11,0
25,25259,2029,0,0,1990,10,4,3,0,0,13,12,2
36,36079,5503,1,1,1991,4,2,1,0,1,9,9,1
30,30142,3913,1,0,1991,6,2,4,0,1,11,12,0
27,27030,3044,0,0,1990,10,4,4,0,0,14,10,0
26,26119,2531,0,0,1991,11,4,6,0,0,12,10,0
22,22156,826,0,0,1991,7,3,2,0,0,10,11,0
26,26292,2925,1,0,1991,6,2,1,0,2,10,10,0
22,22090,647,0,0,1991,9,3,6,0,0,12,9,0
31,31275,4588,0,0,1991,1,1,3,0,0,12,10,0
21,21003,291,0,0,1991,7,3,7,0,0,10,10,0
24,24129,1485,1,0,1991,11,4,1,0,1,10,9,1
27,27166,3331,0,0,1991,5,2,5,0,0,12,7,0
37,37125,5817,0,1,1991,4,2,4,0,0,14,10,0
31,31109,4262,0,0,1991,9,3,2,0,0,12,9,0
26,26210,2770,1,0,1991,6,2,2,0,6,6,14,0
20,20023,53,1,0,1991,11,4,4,0,1,15,12,0
31,31080,4201,1,0,1991,1,1,1,0,1,7,11,2
30,30089,3798,1,0,1990,10,4,5,0,11,10,20,2
26,26028,2308,1,0,1991,6,2,8,0,2,9,10,0
34,34140,5220,0,1,1991,7,3,3,0,0,14,11,2
31,31021,4060,0,0,1990,12,4,2,0,0,13,10,1
25,25085,1676,0,0,1991,2,1,1,0,0,9,9,0
25,25168,1827,0,0,1991,6,2,7,0,0,10,11,0
22,22026,506,0,0,1991,9,3,1,0,0,12,12,0
34,34069,5048,0,1,1991,6,2,6,0,0,13,11,1
28,28052,3502,1,0,1991,7,3,5,0,2,14,8,2
31,31132,4307,1,0,1991,10,4,2,0,4,15,13,0
34,34082,5081,0,1,1991,6,2,6,0,0,9,7,1
20,20098,188,1,0,1990,12,4,5,0,3,11,11,0
26,26097,2468,1,0,1991,2,1,4,0,2,13,12,0
30,30146,3926,1,0,1991,11,4,5,0,3,14,13,0
22,22108,694,0,0,1991,7,3,5,0,0,7,7,4
38,38052,6463,1,1,1991,3,1,1,0,2,3,3,0
20,20088,166,1,0,1991,2,1,6,0,2,13,13,0
26,26156,2624,0,0,1991,2,1,3,0,0,13,13,0
26,26053,2366,0,0,1991,9,3,7,0,0,7,8,1
36,36027,5407,1,1,1991,2,1,1,0,3,10,11,1
25,25270,2058,1,0,1990,11,4,3,0,1,12,11,0
30,30002,3625,0,0,1991,8,3,3,0,0,7,8,2
22,22170,854,0,0,1990,12,4,2,0,0,11,11,0
27,27092,3203,1,0,1991,3,1,2,0,2,4,11,0
30,30047,3729,0,0,1991,5,2,1,0,0,9,11,0
23,23067,1090,1,0,1991,1,1,3,0,1,17,19,1
28,28053,3505,0,0,1991,11,4,6,0,0,9,9,0
26,26081,2428,1,0,1991,4,2,5,0,4,15,14,1
26,26082,2431,1,0,1991,8,3,5,0,1,16,12,1
37,37190,5945,1,1,1991,1,1,5,0,1,17,11,3
27,27082,3180,1,0,1991,12,4,4,0,1,16,11,1
26,26038,2330,1,0,1991,4,2,7,0,1,8,10,1
37,37102,5763,0,1,1991,6,2,5,0,0,5,9,1
26,26209,2766,1,0,1991,1,1,1,0,1,8,8,0
37,37219,6014,0,1,1991,3,1,4,0,0,7,8,2
25,25033,1563,1,0,1991,9,3,1,0,2,10,11,1
22,22201,914,0,0,1990,10,4,6,0,0,13,11,0
25,25319,2181,0,0,1990,11,4,2,0,0,11,9,0
22,22137,774,1,0,1991,3,1,3,0,2,14,13,1
24,24059,1365,0,0,1991,2,1,3,0,0,12,12,0
31,31144,4325,0,0,1991,11,4,2,0,0,3,6,0
25,25039,1569,1,0,1991,11,4,1,0,4,6,7,0
30,30145,3921,1,0,1991,1,1,3,0,1,13,10,2
23,23124,1206,1,0,1991,9,3,2,0,1,11,11,1
30,30123,3870,0,0,1991,8,3,1,0,0,7,10,0
26,26159,2632,1,0,1991,8,3,5,0,1,14,14,0
37,37383,6325,1,1,1991,9,3,1,0,1,12,10,0
34,34113,5155,0,1,1990,11,4,3,0,0,12,12,0
24,24105,1459,1,0,1991,6,2,1,0,1,8,8,3
28,28065,3532,1,0,1991,4,2,4,0,2,15,11,0
31,31259,4553,1,0,1991,3,1,4,0,1,11,10,0
26,26304,2945,1,0,1991,11,4,2,0,2,12,11,0
36,36026,5404,1,1,1991,1,1,3,0,6,11,11,1
25,25079,1663,0,0,1991,6,2,2,0,0,11,11,0
21,21005,294,1,0,1990,10,4,5,0,1,13,12,0
22,22120,728,0,0,1991,5,2,4,0,0,16,11,0
31,31224,4469,1,0,1991,9,3,7,0,7,12,12,1
30,30168,3978,0,0,1991,5,2,3,0,0,10,11,0
24,24146,1515,0,0,1990,11,4,7,0,0,10,11,0
28,28064,3530,1,0,1991,11,4,5,0,2,12,9,0
28,28041,3473,0,0,1991,10,4,6,0,0,11,10,2
31,31023,4068,1,0,1991,11,4,4,0,2,13,12,2
25,25062,1619,1,0,1991,4,2,6,0,2,12,10,2
37,37084,5719,1,1,1990,11,4,4,0,3,13,12,3
31,31264,4567,1,0,1991,5,2,4,0,1,18,9,1
38,38103,6548,0,1,1991,4,2,6,0,0,9,9,0
27,27062,3127,1,0,1990,12,4,3,0,1,13,12,0
38,38033,6416,1,1,1990,10,4,1,0,4,10,11,2
34,34096,5111,0,1,1991,6,2,5,0,0,8,8,0
34,34071,5053,1,1,1990,10,4,4,0,2,10,9,6
36,36058,5467,0,1,1991,3,1,2,0,0,9,10,0
26,26054,2367,1,0,1991,1,1,5,0,1,12,12,0
26,26250,2852,0,0,1991,3,1,1,0,0,8,8,2
26,26125,2547,1,0,1991,3,1,4,0,1,9,9,1
25,25277,2077,1,0,1990,11,4,3,0,1,9,9,3
26,26301,2939,0,0,1991,6,2,1,0,0,9,11,0
34,34208,5336,0,1,1991,8,3,1,0,0,11,9,0
37,37237,6059,1,1,1991,1,1,3,0,2,11,9,1
22,22140,780,1,0,1991,1,1,1,0,1,11,10,1
24,24138,1501,0,0,1991,9,3,1,0,0,7,10,1
37,37059,5661,0,1,1991,10,4,7,0,0,6,9,1
25,25001,1521,0,0,1991,1,1,2,0,0,13,11,0
37,37130,5830,0,1,1991,8,3,5,0,0,12,9,0
24,24024,1279,0,0,1990,10,4,6,0,0,12,12,0
34,34137,5213,1,1,1991,2,1,2,0,3,10,11,2
24,24059,1366,1,0,1991,7,3,4,0,1,10,9,0
31,31079,4199,1,0,1991,6,2,2,0,1,15,11,1
25,25319,2182,1,0,1991,4,2,3,0,1,14,12,0
25,25001,1522,0,0,1991,6,2,3,0,0,16,10,0
26,26011,2268,0,0,1991,3,1,10,0,0,13,10,0
25,25303,2145,0,0,1991,2,1,3,0,0,13,11,0
37,37263,6117,0,1,1991,10,4,4,0,0,13,9,0
27,27039,3069,0,0,1991,7,3,4,0,0,13,11,0
22,22132,760,0,0,1990,10,4,2,0,0,10,10,1
27,27136,3293,1,0,1991,10,4,2,0,1,14,8,1
22,22048,544,0,0,1991,4,2,2,0,0,14,10,0
37,37134,5841,1,1,1991,4,2,4,0,2,12,10,0
26,26264,2875,1,0,1991,4,2,1,0,2,12,12,0
38,38066,6487,1,1,1991,5,2,1,0,2,11,12,0
27,27150,3309,0,0,1991,8,3,1,0,0,14,11,0
26,26053,2365,1,0,1991,5,2,6,0,1,12,12,0
34,34092,5103,1,1,1991,3,1,5,0,1,11,12,3
27,27002,2979,0,0,1990,12,4,8,0,0,11,10,1
37,37295,6198,1,1,1991,6,2,2,0,2,13,10,1
23,23079,1118,1,0,1990,12,4,2,0,1,10,10,1
31,31084,4211,0,0,1991,6,2,2,0,0,9,9,0
38,38043,6442,1,1,1990,11,4,1,0,2,9,11,0
34,34162,5269,0,1,1991,6,2,2,0,0,10,10,0
22,22110,700,0,0,1991,9,3,5,0,0,14,11,1
34,34128,5191,0,1,1990,11,4,2,0,0,6,10,0
31,31111,4265,1,0,1991,3,1,1,0,1,9,10,0
31,31115,4274,0,0,1991,8,3,2,0,0,11,10,0
22,22018,498,0,0,1991,8,3,1,0,0,14,11,0
38,38080,6505,1,1,1991,9,3,1,0,2,10,10,0
26,26092,2456,1,0,1991,5,2,5,0,2,9,10,0
20,20077,152,0,0,1991,10,4,1,0,0,2,4,0
23,23069,1094,0,0,1991,7,3,4,0,0,13,13,1
37,37273,6144,0,1,1991,7,3,3,0,0,11,10,0
28,28062,3525,0,0,1991,3,1,3,0,0,12,10,0
26,26302,2942,0,0,1991,11,4,2,0,0,13,11,0
30,30087,3794,0,0,1991,7,3,7,0,0,10,10,1
37,37311,6228,1,1,1991,8,3,2,0,1,9,10,1
27,27124,3273,0,0,1991,8,3,6,0,0,11,10,0
26,26235,2826,1,0,1991,3,1,1,0,1,12,10,0
26,26166,2650,1,0,1991,3,1,2,0,1,14,12,1
26,26081,2429,1,0,1991,8,3,6,0,2,15,13,1
37,37221,6020,0,1,1991,3,1,4,0,0,11,9,2
37,37253,6091,0,1,1991,4,2,3,0,0,7,9,0
22,22152,815,1,0,1991,2,1,1,0,3,12,12,0
26,26168,2655,1,0,1991,10,4,4,0,2,10,13,0
22,22197,907,0,0,1991,1,1,7,0,0,10,11,3
22,22167,848,0,0,1991,4,2,1,0,0,9,9,0
25,25069,1638,1,0,1990,10,4,1,0,1,12,11,0
20,20080,155,0,0,1991,11,4,1,0,0,10,8,0
27,27181,3373,1,0,1991,11,4,5,0,1,14,11,0
37,37072,5687,0,1,1991,8,3,6,0,0,12,11,0
20,20006,13,1,0,1991,7,3,4,0,1,9,7,2
26,26230,2817,1,0,1991,8,3,2,0,5,14,15,0
26,26179,2686,0,0,1991,9,3,3,0,0,12,12,0
38,38039,6432,0,1,1991,11,4,2,0,0,12,9,1
27,27172,3347,0,0,1990,10,4,3,0,0,16,9,0
25,25022,1548,1,0,1990,10,4,1,0,2,9,10,0
20,20123,242,1,0,1990,10,4,3,0,4,13,12,0
36,36080,5506,1,1,1991,10,4,2,0,1,8,8,2
38,38028,6406,1,1,1991,11,4,3,0,2,11,11,2
37,37075,5696,0,1,1991,8,3,6,0,0,15,10,1
26,26138,2581,1,0,1991,7,3,4,0,4,13,14,2
26,26078,2419,0,0,1991,4,2,5,0,0,6,6,0
26,26093,2458,0,0,1990,12,4,4,0,0,11,11,0
37,37197,5960,0,1,1990,12,4,4,0,0,13,10,3
36,36017,5380,1,1,1990,11,4,4,0,3,14,14,1
30,30052,3737,0,0,1991,11,4,2,0,0,11,11,0
26,26060,2378,1,0,1991,1,1,5,0,4,12,12,1
34,34215,5343,0,1,1991,10,4,1,0,0,8,12,0
25,25232,1962,0,0,1990,11,4,4,0,0,13,9,0
34,34122,5181,0,1,1991,6,2,4,0,0,9,7,1
26,26135,2574,0,0,1991,4,2,4,0,0,10,10,1
24,24099,1450,1,0,1991,9,3,2,0,10,16,19,1
22,22133,763,0,0,1991,3,1,3,0,0,10,10,0
33,33103,4851,1,1,1991,2,1,2,0,1,14,11,0
30,30012,3651,0,0,1991,5,2,2,0,0,12,11,0
26,26157,2627,1,0,1991,7,3,4,0,5,12,12,1
27,27175,3358,0,0,1991,8,3,5,0,0,16,8,1
31,31011,4032,0,0,1991,5,2,5,0,0,10,9,0
27,27114,3253,0,0,1991,9,3,2,0,0,12,11,0
22,22056,568,0,0,1991,3,1,2,0,0,12,11,1
27,27068,3144,0,0,1991,6,2,4,0,0,16,10,0
27,27074,3158,0,0,1990,12,4,2,0,0,11,9,0
31,31148,4329,1,0,1991,8,3,1,0,1,11,11,0
31,31050,4130,1,0,1991,4,2,2,0,5,15,15,0
25,25010,1534,1,0,1991,7,3,1,0,1,9,10,1
37,37015,5560,1,1,1991,2,1,8,0,1,13,11,0
37,37319,6242,0,1,1991,4,2,1,0,0,12,10,0
38,38016,6375,1,1,1991,7,3,5,0,1,7,9,2
25,25062,1618,1,0,1990,10,4,5,0,1,9,8,0
38,38023,6392,1,1,1991,3,1,4,0,1,5,7,0
36,36052,5457,1,1,1991,8,3,1,0,1,9,8,1
25,25191,1874,0,0,1990,10,4,5,0,0,9,9,3
30,30001,3620,0,0,1991,2,1,2,0,0,11,13,0
22,22214,944,0,0,1991,9,3,8,0,0,8,11,2
25,25290,2116,0,0,1991,10,4,5,0,0,12,10,1
37,37062,5666,1,1,1991,2,1,5,0,1,12,10,0
30,30016,3663,0,0,1991,10,4,3,0,0,13,11,0
22,22194,900,0,0,1991,3,1,8,0,0,9,10,1
25,25293,2121,1,0,1991,4,2,3,0,3,16,12,0
34,34209,5337,1,1,1991,8,3,1,0,2,12,10,1
37,37312,6230,0,1,1991,9,3,2,0,0,13,10,0
25,25240,1982,1,0,1991,5,2,5,0,1,14,11,0
23,23058,1067,1,0,1991,5,2,5,0,2,14,14,0
26,26206,2759,1,0,1991,6,2,2,0,1,11,8,0
37,37039,5612,0,1,1991,6,2,7,0,0,9,10,0
37,37279,6159,1,1,1991,7,3,3,0,1,11,9,0
26,26238,2832,1,0,1991,8,3,2,0,1,9,13,2
34,34100,5123,1,1,1991,10,4,6,0,5,18,17,0
28,28098,3600,1,0,1991,6,2,1,0,1,10,12,0
37,37249,6080,0,1,1991,3,1,2,0,0,10,9,0
37,37306,6219,0,1,1991,8,3,2,0,0,8,10,0
24,24094,1440,1,0,1991,3,1,1,0,1,4,8,0
37,37117,5802,1,1,1991,7,3,5,0,1,10,11,5
24,24026,1285,1,0,1990,10,4,6,0,2,6,7,8
25,25141,1773,1,0,1990,12,4,7,0,3,11,11,8
37,37302,6211,1,1,1991,8,3,2,0,2,11,6,2
26,26223,2801,1,0,1991,7,3,2,0,1,10,11,1
26,26308,2949,1,0,1991,8,3,1,0,1,7,8,1
31,31247,4524,0,0,1991,2,1,5,0,0,11,7,1
20,20024,55,1,0,1991,7,3,3,0,2,13,13,0
33,33009,4613,1,1,1991,5,2,8,0,1,11,11,0
20,20042,102,0,0,1991,8,3,2,0,0,11,11,0
31,31030,4083,1,0,1991,1,1,2,0,1,7,11,0
24,24034,1307,0,0,1991,9,3,6,0,0,13,10,2
31,31061,4159,0,0,1991,8,3,3,0,0,11,9,0
30,30086,3790,1,0,1990,11,4,5,0,3,14,12,1
22,22114,711,0,0,1991,5,2,2,0,0,13,11,0
22,22142,786,0,0,1991,1,1,1,0,0,10,9,0
31,31009,4025,0,0,1990,11,4,2,0,0,11,10,0
22,22004,481,0,0,1991,7,3,1,0,0,9,9,1
30,30119,3862,0,0,1991,5,2,5,0,0,14,11,0
34,34007,4943,1,1,1990,12,4,4,0,1,8,10,2
30,30092,3804,1,0,1990,11,4,5,0,1,14,13,0
20,20013,30,0,0,1990,11,4,2,0,0,12,11,0
31,31062,4160,0,0,1990,12,4,1,0,0,7,9,0
34,34051,5015,1,1,1991,10,4,8,0,1,12,10,1
37,37031,5594,1,1,1991,11,4,8,0,1,14,11,1
37,37046,5632,0,1,1991,9,3,7,0,0,11,9,0
37,37084,5720,0,1,1991,4,2,5,0,0,10,10,0
36,36094,5524,1,1,1991,8,3,1,0,2,9,9,1
34,34198,5326,1,1,1991,10,4,1,0,3,3,7,0
34,34015,4956,1,1,1991,3,1,8,0,2,4,10,6
26,26067,2391,0,0,1991,8,3,7,0,0,12,10,0
30,30152,3939,1,0,1991,2,1,3,0,2,17,13,0
23,23145,1232,1,0,1991,10,4,1,0,1,12,12,0
22,22196,904,0,0,1991,1,1,7,0,0,16,10,1
20,20117,227,1,0,1991,10,4,6,0,2,16,14,0
22,22176,866,0,0,1991,10,4,2,0,0,11,11,0
37,37218,6011,0,1,1991,5,2,4,0,0,14,11,1
34,34153,5249,0,1,1991,9,3,2,0,0,7,9,0
21,21051,405,0,0,1991,5,2,2,0,0,13,12,0
25,25090,1687,1,0,1991,7,3,2,0,3,13,11,0
20,20087,164,1,0,1991,5,2,7,0,3,13,13,0
27,27020,3020,0,0,1991,10,4,7,0,0,10,11,1
37,37287,6178,0,1,1991,5,2,2,0,0,11,9,0
30,30075,3768,0,0,1990,11,4,5,0,0,12,10,1
21,21067,432,0,0,1991,4,2,1,0,0,8,8,2
24,24038,1315,1,0,1991,1,1,4,0,1,5,8,0
22,22064,590,0,0,1991,4,2,2,0,0,9,11,0
37,37006,5546,1,1,1991,1,1,9,0,1,6,9,0
23,23104,1168,0,0,1991,2,1,1,0,0,12,10,0
25,25342,2239,0,0,1991,6,2,3,0,0,14,11,0
25,25215,1925,1,0,1990,10,4,4,0,1,11,10,3
38,38057,6472,1,1,1991,4,2,1,0,1,11,11,1
36,36086,5515,0,1,1991,6,2,1,0,0,9,10,1
37,37111,5788,0,1,1991,11,4,6,0,0,10,10,2
37,37180,5928,0,1,1991,6,2,7,0,0,9,10,2
26,26009,2265,1,0,1990,10,4,9,0,9,11,14,3
30,30023,3681,0,0,1991,1,1,1,0,0,10,11,0
37,37169,5903,0,1,1991,5,2,7,0,0,9,9,0
25,25041,1573,1,0,1991,11,4,1,0,2,10,10,2
28,28067,3537,1,0,1991,10,4,5,0,1,11,10,0
27,27166,3330,0,0,1991,1,1,4,0,0,10,8,1
25,25165,1823,0,0,1991,10,4,8,0,0,15,12,0
30,30169,3979,0,0,1990,12,4,2,0,0,12,10,1
26,26250,2853,1,0,1991,8,3,2,0,1,11,12,1
27,27025,3033,1,0,1991,11,4,7,0,2,12,12,3
31,31107,4258,0,0,1991,3,1,1,0,0,3,10,0
37,37132,5834,1,1,1990,11,4,3,0,2,13,12,1
37,37004,5543,1,1,1991,2,1,8,0,1,13,12,1
24,24051,1344,0,0,1990,12,4,3,0,0,10,12,1
37,37156,5888,0,1,1991,11,4,2,0,0,13,10,1
27,27065,3135,0,0,1991,6,2,4,0,0,10,11,0
31,31070,4180,0,0,1990,12,4,1,0,0,11,9,0
27,27058,3115,0,0,1990,12,4,3,0,0,9,10,0
20,20007,14,1,0,1991,2,1,3,0,1,10,10,0
28,28045,3484,1,0,1991,6,2,5,0,1,11,11,1
37,37289,6184,0,1,1991,11,4,3,0,0,10,10,0
31,31002,4010,0,0,1991,3,1,3,0,0,11,10,0
23,23102,1165,1,0,1991,2,1,1,0,1,10,10,1
20,20065,138,1,0,1991,9,3,1,0,3,14,14,0
22,22067,599,1,0,1991,9,3,7,0,2,8,11,0
30,30177,3997,1,0,1991,10,4,1,0,1,8,22,0
36,36026,5405,0,1,1991,6,2,4,0,0,11,10,2
27,27162,3320,0,0,1991,12,4,1,0,0,6,10,0
37,37224,6028,1,1,1990,10,4,3,0,1,13,10,3
26,26113,2512,0,0,1990,10,4,4,0,0,11,11,0
26,26246,2846,1,0,1991,8,3,2,0,3,14,15,0
28,28007,3406,1,0,1991,1,1,9,0,5,14,13,2
26,26049,2355,1,0,1990,11,4,5,0,1,10,8,2
22,22189,889,0,0,1991,11,4,2,0,0,7,10,0
38,38051,6462,1,1,1991,7,3,2,0,2,9,11,1
23,23035,1018,1,0,1991,11,4,8,0,2,14,15,2
34,34016,4958,0,1,1991,3,1,3,0,0,6,7,3
24,24072,1395,0,0,1991,1,1,10,0,0,2,9,3
31,31069,4177,0,0,1990,12,4,1,0,0,12,10,0
26,26165,2647,0,0,1991,1,1,2,0,0,10,10,0
37,37018,5568,0,1,1991,7,3,9,0,0,10,11,0
25,25327,2202,1,0,1990,11,4,2,0,4,15,9,3
25,25079,1662,0,0,1991,1,1,1,0,0,16,8,1
34,34056,5022,1,1,1991,9,3,8,0,1,13,12,1
20,20108,210,0,0,1991,3,1,8,0,0,7,7,2
27,27048,3089,0,0,1990,11,4,3,0,0,11,10,1
37,37334,6270,0,1,1991,5,2,1,0,0,6,9,0
28,28074,3557,1,0,1991,6,2,3,0,1,14,12,1
27,27176,3359,0,0,1990,11,4,3,0,0,16,10,0
25,25278,2080,0,0,1990,11,4,3,0,0,10,11,1
25,25234,1969,1,0,1991,10,4,2,0,1,3,11,0
38,38014,6372,0,1,1991,6,2,4,0,0,10,10,1
38,38060,6478,1,1,1991,10,4,2,0,8,16,15,0
22,22150,809,0,0,1990,12,4,2,0,0,11,9,1
31,31044,4115,1,0,1990,12,4,4,0,1,8,10,0
31,31195,4394,0,0,1991,8,3,8,0,0,14,10,0
37,37339,6277,1,1,1991,6,2,1,0,5,11,13,2
31,31114,4271,0,0,1991,3,1,1,0,0,7,10,0
31,31203,4412,0,0,1991,8,3,8,0,0,10,10,1
24,24031,1298,0,0,1991,6,2,6,0,0,9,8,0
23,23104,1169,0,0,1991,7,3,2,0,0,6,8,0
37,37350,6293,0,1,1991,7,3,1,0,0,8,10,1
31,31053,4140,0,0,1991,8,3,3,0,0,11,10,0
22,22109,697,0,0,1991,8,3,5,0,0,15,12,0
23,23048,1043,0,0,1990,12,4,4,0,0,13,11,0
20,20047,111,0,0,1991,3,1,1,0,0,11,11,1
27,27054,3107,0,0,1990,12,4,5,0,0,9,10,3
26,26136,2576,1,0,1990,11,4,3,0,1,8,8,0
31,31224,4468,0,0,1991,4,2,6,0,0,11,11,0
31,31089,4221,0,0,1991,2,1,1,0,0,6,8,0
28,28079,3566,1,0,1991,2,1,2,0,5,13,17,2
23,23090,1139,0,0,1990,10,4,1,0,0,11,11,0
38,38037,6425,0,1,1990,12,4,2,0,0,8,8,2
31,31072,4183,0,0,1991,6,2,2,0,0,3,10,1
22,22017,497,0,0,1991,8,3,1,0,0,14,11,1
30,30135,3897,0,0,1990,11,4,3,0,0,10,10,0
22,22176,865,0,0,1991,5,2,1,0,0,9,10,0
22,22049,546,1,0,1990,10,4,1,0,1,8,10,2
26,26230,2816,1,0,1991,2,1,1,0,3,10,9,1
22,22189,888,0,0,1991,7,3,1,0,0,9,11,0
37,37209,5990,1,1,1990,11,4,3,0,1,13,11,0
26,26178,2682,1,0,1991,4,2,2,0,4,13,13,1
24,24144,1510,1,0,1991,5,2,8,0,1,10,11,3
24,24032,1300,1,0,1991,3,1,6,0,1,15,14,3
30,30085,3789,0,0,1991,7,3,1,0,0,13,13,0
26,26336,2976,1,0,1991,7,3,1,0,1,10,10,1
31,31264,4566,1,0,1990,12,4,3,0,2,16,11,0
22,22136,771,0,0,1991,3,1,3,0,0,10,11,0
24,24103,1456,1,0,1991,6,2,1,0,1,8,10,0
22,22214,942,0,0,1990,11,4,6,0,0,11,10,1
26,26133,2567,1,0,1991,2,1,3,0,1,11,11,0
24,24033,1303,1,0,1991,4,2,5,0,1,12,11,0
31,31178,4361,0,0,1991,11,4,1,0,0,5,8,0
23,23123,1202,0,0,1990,12,4,1,0,0,9,9,1
20,20089,168,1,0,1991,1,1,6,0,4,14,15,0
38,38104,6551,1,1,1991,11,4,6,0,1,4,7,1
26,26003,2252,0,0,1991,3,1,13,0,0,8,8,0
38,38067,6488,1,1,1991,5,2,1,0,3,13,13,0
22,22013,492,0,0,1991,6,2,3,0,0,8,10,0
23,23130,1214,1,0,1991,6,2,1,0,1,8,7,1
26,26016,2282,1,0,1991,6,2,9,0,2,13,13,1
37,37358,6301,1,1,1991,8,3,1,0,2,11,10,0
34,34188,5314,1,1,1991,11,4,2,0,1,13,12,0
22,22195,902,0,0,1990,12,4,7,0,0,13,11,4
37,37210,5992,0,1,1990,11,4,4,0,0,6,10,0
23,23073,1104,0,0,1990,10,4,2,0,0,9,6,0
30,30181,4002,0,0,1991,11,4,1,0,0,10,11,0
25,25065,1627,1,0,1991,6,2,7,0,1,8,9,0
25,25193,1879,1,0,1991,9,3,2,0,2,11,12,2
27,27101,3230,0,0,1991,5,2,2,0,0,7,10,0
21,21021,333,0,0,1990,11,4,4,0,0,4,8,1
33,33048,4701,0,1,1991,11,4,7,0,0,10,11,2
36,36043,5439,1,1,1990,11,4,2,0,2,11,11,2
27,27154,3312,0,0,1991,9,3,1,0,0,10,6,0
31,31279,4598,0,0,1991,3,1,3,0,0,10,10,1
37,37004,5544,0,1,1991,7,3,9,0,0,10,9,1
26,26099,2474,1,0,1991,1,1,4,0,4,11,13,1
37,37181,5930,1,1,1990,10,4,5,0,1,9,10,5
31,31067,4171,1,0,1990,12,4,1,0,1,10,8,0
36,36082,5509,0,1,1991,6,2,1,0,0,8,8,1
28,28059,3516,0,0,1991,2,1,4,0,0,13,9,1
23,23049,1045,1,0,1991,6,2,5,0,2,14,13,0
27,27022,3025,1,0,1991,4,2,6,0,2,14,11,2
25,25065,1628,0,0,1991,10,4,8,0,0,11,11,1
30,30138,3905,1,0,1991,4,2,4,0,1,12,11,3
24,24144,1509,1,0,1990,12,4,7,0,1,10,10,1
26,26189,2713,0,0,1991,5,2,2,0,0,8,10,0
28,28003,3402,0,0,1990,11,4,8,0,0,11,9,1
22,22094,657,0,0,1991,10,4,3,0,0,11,10,1
31,31207,4424,0,0,1991,11,4,8,0,0,8,7,0
22,22069,603,0,0,1991,5,2,6,0,0,10,10,3
23,23012,968,1,0,1990,12,4,8,0,3,11,10,1
37,37223,6027,0,1,1991,10,4,5,0,0,7,9,2
20,20125,250,1,0,1991,8,3,5,0,4,13,13,0
30,30120,3864,1,0,1991,5,2,5,0,2,14,12,0
24,24074,1398,1,0,1991,2,1,2,0,2,7,9,0
38,38002,6346,0,1,1990,10,4,5,0,0,5,5,2
22,22013,493,0,0,1991,11,4,4,0,0,13,11,0
28,28097,3599,0,0,1991,6,2,1,0,0,9,12,0
24,24078,1405,0,0,1991,8,3,3,0,0,14,10,0
37,37015,5561,0,1,1991,7,3,9,0,0,12,10,0
22,22200,913,0,0,1991,8,3,8,0,0,14,10,1
20,20059,132,0,0,1991,7,3,1,0,0,9,9,0
26,26001,2247,1,0,1990,11,4,12,0,1,11,12,2
28,28061,3521,0,0,1990,12,4,3,0,0,16,12,0
27,27180,3369,0,0,1991,2,1,3,0,0,14,10,1
26,26242,2839,0,0,1991,7,3,1,0,0,11,11,1
37,37068,5678,0,1,1991,2,1,5,0,0,10,10,3
28,28063,3527,1,0,1990,12,4,3,0,3,14,12,2
24,24131,1487,0,0,1991,1,1,7,0,0,11,11,2
20,20122,240,1,0,1991,5,2,5,0,1,12,12,1
23,23050,1048,0,0,1991,5,2,5,0,0,8,10,0
26,26152,2615,0,0,1991,11,4,5,0,0,8,10,0
20,20130,265,1,0,1991,9,3,5,0,1,12,12,0
31,31229,4481,1,0,1990,12,4,5,0,2,12,12,0
20,20050,117,1,0,1991,8,3,2,0,1,9,9,0
37,37394,6336,0,1,1991,10,4,1,0,0,7,10,3
31,31156,4337,1,0,1991,8,3,1,0,1,8,11,0
31,31208,4426,0,0,1991,6,2,7,0,0,10,9,0
33,33037,4667,1,1,1991,3,1,6,0,1,13,11,1
22,22191,893,0,0,1991,7,3,9,0,0,11,11,1
22,22135,767,0,0,1990,10,4,2,0,0,9,9,1
31,31028,4080,1,0,1991,2,1,2,0,3,9,13,1
37,37299,6204,1,1,1991,2,1,1,0,2,13,10,0
22,22168,851,0,0,1991,9,3,2,0,0,9,11,2
26,26204,2754,1,0,1991,6,2,2,0,1,12,12,0
23,23006,958,1,0,1991,1,1,10,0,7,9,11,1
23,23071,1098,1,0,1990,11,4,2,0,2,13,13,0
27,27091,3202,1,0,1991,7,3,3,0,2,13,13,0
24,24007,1246,1,0,1990,10,4,10,0,3,11,10,1
24,24039,1316,1,0,1991,1,1,4,0,1,10,10,3
31,31091,4226,1,0,1991,7,3,2,0,1,13,9,0
31,31244,4519,0,0,1991,7,3,5,0,0,12,9,1
26,26023,2297,0,0,1991,3,1,9,0,0,4,4,1
31,31204,4415,0,0,1991,11,4,8,0,0,9,9,0
31,31006,4020,1,0,1991,8,3,4,0,1,11,11,3
36,36042,5438,1,1,1991,9,3,4,0,2,16,14,0
37,37106,5774,1,1,1991,2,1,4,0,1,11,11,1
36,36095,5525,1,1,1991,10,4,1,0,1,11,11,0
37,37127,5821,0,1,1991,8,3,5,0,0,12,9,2
21,21020,330,1,0,1990,11,4,4,0,1,10,10,2
22,22042,526,0,0,1991,7,3,3,0,0,16,8,0
28,28017,3417,1,0,1991,6,2,7,0,2,12,13,2
37,37040,5616,0,1,1991,9,3,9,0,0,8,9,0
26,26258,2867,1,0,1991,4,2,1,0,2,10,10,1
34,34165,5274,1,1,1991,1,1,1,0,1,11,11,0
23,23132,1217,0,0,1991,7,3,1,0,0,10,10,1
25,25217,1928,1,0,1991,5,2,1,0,4,8,13,0
22,22137,775,1,0,1991,8,3,4,0,5,18,16,1
25,25239,1980,0,0,1991,5,2,5,0,0,10,9,4
37,37017,5566,1,1,1991,9,3,9,0,2,6,10,0
37,37148,5872,0,1,1991,8,3,2,0,0,15,9,1
38,38078,6503,0,1,1991,9,3,1,0,0,16,10,0
31,31125,4294,0,0,1991,9,3,2,0,0,8,8,0
27,27016,3007,1,0,1991,2,1,6,0,1,8,9,0
26,26170,2660,1,0,1991,6,2,3,0,2,11,13,0
37,37064,5670,1,1,1991,1,1,5,0,1,13,11,0
25,25301,2141,0,0,1991,2,1,3,0,0,10,10,0
23,23079,1119,1,0,1991,6,2,3,0,1,12,12,5
31,31217,4449,1,0,1991,5,2,6,0,6,16,16,1
37,37194,5953,0,1,1991,9,3,6,0,0,13,10,1
38,38036,6424,1,1,1991,9,3,3,0,6,13,13,0
27,27049,3094,0,0,1991,9,3,7,0,0,13,10,3
21,21008,302,0,0,1990,12,4,5,0,0,10,10,1
30,30112,3844,1,0,1990,10,4,4,0,5,12,15,0
23,23058,1068,1,0,1991,10,4,6,0,2,12,12,0
37,37028,5587,1,1,1991,6,2,8,0,1,14,10,1
26,26160,2633,1,0,1990,10,4,3,0,1,6,9,0
26,26199,2739,1,0,1991,1,1,1,0,2,8,9,1
38,38100,6542,0,1,1991,5,2,5,0,0,10,10,3
26,26243,2841,1,0,1991,8,3,2,0,4,7,13,1
26,26110,2505,0,0,1991,2,1,4,0,0,15,11,0
20,20137,283,0,0,1991,7,3,4,0,0,14,14,0
36,36091,5521,1,1,1991,8,3,1,0,2,10,10,0
26,26102,2485,0,0,1991,11,4,6,0,0,4,9,0
22,22138,777,0,0,1991,5,2,2,0,0,12,9,0
27,27094,3209,0,0,1991,3,1,2,0,0,11,10,0
33,33125,4898,1,1,1991,7,3,1,0,2,10,11,0
20,20067,140,1,0,1991,9,3,1,0,3,13,13,1
20,20008,16,1,0,1990,10,4,2,0,2,10,11,2
33,33115,4880,0,1,1991,8,3,2,0,0,13,12,0
24,24066,1381,0,0,1990,11,4,2,0,0,11,9,3
24,24022,1274,0,0,1991,6,2,7,0,0,10,9,1
34,34121,5177,1,1,1990,12,4,3,0,1,15,12,0
38,38027,6402,1,1,1991,1,1,2,0,1,11,11,1
37,37165,5897,1,1,1991,11,4,1,0,1,11,12,0
38,38032,6415,0,1,1991,9,3,3,0,0,9,9,0
30,30043,3722,0,0,1991,7,3,3,0,0,11,11,0
27,27049,3093,0,0,1991,4,2,6,0,0,12,10,1
37,37192,5949,0,1,1991,10,4,6,0,0,9,10,1
37,37067,5676,1,1,1991,5,2,5,0,2,14,11,2
26,26219,2791,0,0,1991,2,1,1,0,0,3,9,2
37,37173,5912,0,1,1991,4,2,7,0,0,8,8,2
37,37170,5906,0,1,1991,7,3,8,0,0,10,9,0
30,30074,3766,1,0,1991,5,2,6,0,1,15,9,1
26,26226,2808,0,0,1991,12,4,3,0,0,10,8,2
22,22175,863,0,0,1991,5,2,1,0,0,13,11,0
26,26137,2577,1,0,1990,10,4,3,0,1,9,10,0
30,30039,3715,0,0,1991,9,3,2,0,0,9,8,0
24,24023,1276,1,0,1990,12,4,6,0,2,12,10,1
22,22153,817,0,0,1991,7,3,2,0,0,11,11,0
30,30153,3942,0,0,1991,11,4,5,0,0,13,10,0
36,36024,5399,1,1,1990,11,4,4,0,4,10,11,0
31,31184,4369,1,0,1990,12,4,7,0,2,15,10,0
30,30114,3850,1,0,1991,3,1,5,0,1,11,10,0
26,26291,2924,0,0,1991,11,4,2,0,0,12,12,2
26,26012,2272,1,0,1991,9,3,11,0,3,14,12,0
34,34110,5147,1,1,1990,10,4,3,0,1,12,11,0
34,34106,5138,0,1,1991,7,3,5,0,0,16,10,2
20,20038,92,0,0,1991,8,3,8,0,0,10,10,1
27,27186,3382,0,0,1990,10,4,1,0,0,13,10,1
26,26252,2857,1,0,1991,8,3,2,0,2,10,12,0
34,34108,5143,1,1,1991,9,3,5,0,1,5,6,0
22,22082,630,0,0,1991,8,3,6,0,0,11,10,0
31,31257,4548,0,0,1991,8,3,6,0,0,12,10,1
34,34040,5000,1,1,1991,1,1,7,0,1,9,7,1
26,26164,2645,1,0,1991,4,2,3,0,2,12,12,0
27,27050,3095,0,0,1991,2,1,6,0,0,17,8,0
38,38093,6528,1,1,1990,11,4,5,0,1,7,9,0
34,34130,5197,0,1,1990,12,4,2,0,0,6,11,0
22,22075,615,0,0,1990,12,4,5,0,0,12,11,1
25,25111,1720,0,0,1991,3,1,9,0,0,10,10,0
20,20128,257,1,0,1990,11,4,3,0,1,12,12,0
38,38042,6440,0,1,1991,4,2,2,0,0,10,10,0
23,23078,1116,1,0,1990,12,4,2,0,1,3,4,0
26,26257,2865,1,0,1991,4,2,1,0,2,11,12,1
31,31236,4501,1,0,1991,1,1,5,0,3,11,13,0
34,34058,5025,1,1,1991,1,1,6,0,1,13,10,1
28,28022,3428,0,0,1991,2,1,7,0,0,16,11,0
22,22067,597,1,0,1990,11,4,5,0,2,12,12,2
33,33073,4773,1,1,1991,7,3,4,0,1,13,12,1
22,22043,528,0,0,1990,10,4,1,0,0,11,10,0
26,26227,2810,0,0,1991,7,3,2,0,0,13,13,0
26,26199,2741,1,0,1991,11,4,3,0,1,10,9,0
33,33137,4919,1,1,1991,9,3,1,0,1,9,10,1
25,25283,2095,1,0,1991,11,4,5,0,3,17,12,0
25,25290,2114,1,0,1991,1,1,3,0,1,14,9,0
37,37135,5844,1,1,1991,4,2,4,0,2,13,12,0
31,31063,4165,0,0,1991,10,4,6,0,0,11,10,1
31,31123,4290,0,0,1991,11,4,6,0,0,13,10,0
27,27191,3396,0,0,1991,8,3,4,0,0,10,10,1
24,24053,1351,1,0,1991,6,2,4,0,1,10,8,0
23,23019,982,1,0,1990,11,4,9,0,1,9,9,0
38,38097,6536,0,1,1991,5,2,6,0,0,6,10,0
31,31229,4482,0,0,1991,5,2,6,0,0,13,10,0
22,22141,785,0,0,1991,10,4,3,0,0,13,11,2
37,37218,6010,0,1,1990,11,4,3,0,0,14,9,2
37,37347,6289,1,1,1991,7,3,1,0,2,10,11,0
23,23101,1164,1,0,1991,1,1,1,0,1,5,5,0
37,37266,6124,0,1,1990,12,4,2,0,0,11,9,0
26,26112,2509,0,0,1991,2,1,4,0,0,7,10,0
34,34074,5060,0,1,1991,1,1,5,0,0,12,11,1
27,27045,3083,1,0,1991,2,1,3,0,1,12,11,0
31,31201,4405,1,0,1990,11,4,6,0,2,15,9,0
34,34145,5229,1,1,1990,10,4,1,0,4,11,11,0
34,34123,5182,0,1,1991,2,1,3,0,0,10,11,0
26,26268,2880,0,0,1991,4,2,1,0,0,11,11,0
37,37309,6225,1,1,1991,7,3,2,0,2,10,9,0
20,20128,259,1,0,1991,9,3,5,0,3,16,16,0
25,25283,2093,1,0,1991,1,1,3,0,5,15,15,1
27,27105,3239,0,0,1991,12,4,3,0,0,11,11,0
31,31030,4085,1,0,1991,11,4,4,0,1,14,11,0
38,38003,6347,0,1,1990,12,4,4,0,0,7,7,0
25,25228,1951,1,0,1990,12,4,4,0,1,12,11,1
28,28082,3572,1,0,1991,7,3,2,0,1,11,11,0
23,23008,962,1,0,1990,12,4,11,0,3,10,10,1
20,20130,264,0,0,1991,4,2,4,0,0,9,11,0
37,37321,6246,1,1,1991,4,2,1,0,1,12,10,1
27,27036,3060,0,0,1991,5,2,5,0,0,15,10,0
33,33094,4829,0,1,1990,12,4,2,0,0,8,11,0
37,37218,6012,1,1,1991,10,4,5,0,1,9,10,0
31,31075,4188,0,0,1991,1,1,1,0,0,13,10,0
21,21038,376,0,0,1991,9,3,4,0,0,11,11,1
26,26133,2569,1,0,1991,12,4,5,0,1,11,10,2
26,26153,2616,1,0,1990,10,4,2,0,1,13,12,1
31,31257,4546,1,0,1990,10,4,4,0,1,16,11,0
25,25074,1649,0,0,1991,1,1,1,0,0,8,9,0
25,25314,2169,0,0,1991,5,2,3,0,0,10,11,0
23,23147,1234,1,0,1991,9,3,1,0,1,12,6,0
23,23031,1011,1,0,1991,6,2,7,0,5,13,14,0
20,20136,281,1,0,1991,11,4,5,0,1,13,10,0
37,37068,5679,0,1,1991,7,3,6,0,0,9,10,1
27,27042,3078,1,0,1991,9,3,5,0,1,17,11,0
31,31017,4049,1,0,1991,5,2,3,0,2,8,7,1
30,30164,3970,0,0,1991,4,2,3,0,0,13,10,0
38,38026,6399,0,1,1990,12,4,2,0,0,14,10,1
24,24033,1304,1,0,1991,10,4,6,0,4,12,13,1
37,37323,6251,0,1,1991,10,4,2,0,0,9,10,0
26,26153,2617,1,0,1991,3,1,3,0,1,13,11,2
36,36022,5394,1,1,1991,4,2,5,0,2,10,10,0
26,26141,2588,1,0,1991,1,1,3,0,3,13,12,3
34,34051,5014,0,1,1991,5,2,7,0,0,10,10,0
27,27032,3050,1,0,1990,11,4,4,0,1,14,10,4
25,25194,1880,0,0,1990,11,4,5,0,0,13,11,1
26,26132,2564,1,0,1991,1,1,3,0,1,11,11,0
26,26101,2482,1,0,1991,10,4,6,0,2,11,11,2
37,37028,5586,1,1,1991,2,1,7,0,1,14,8,0
24,24081,1412,1,0,1991,8,3,3,0,4,13,12,3
20,20054,124,1,0,1991,10,4,2,0,1,12,11,0
34,34157,5255,1,1,1990,12,4,1,0,4,12,15,1
31,31090,4223,0,0,1991,2,1,1,0,0,12,9,0
24,24056,1358,1,0,1991,1,1,3,0,1,11,11,0
28,28060,3518,1,0,1990,11,4,3,0,4,12,18,0
31,31029,4082,1,0,1991,2,1,2,0,1,13,10,0
31,31195,4392,0,0,1990,10,4,6,0,0,13,10,2
20,20028,64,1,0,1991,2,1,7,0,2,10,11,0
24,24018,1264,1,0,1990,12,4,6,0,2,12,12,1
30,30142,3914,1,0,1991,10,4,5,0,1,13,10,0
20,20098,190,1,0,1991,10,4,7,0,3,10,11,0
25,25303,2146,0,0,1991,7,3,4,0,0,0,8,8
33,33077,4786,1,1,1991,10,4,5,0,3,15,13,1
27,27157,3315,0,0,1991,10,4,1,0,0,11,11,1
25,25096,1696,1,0,1990,11,4,11,0,1,9,11,3
31,31205,4418,0,0,1991,10,4,7,0,0,10,10,0
37,37195,5956,0,1,1991,10,4,6,0,0,8,9,2
31,31105,4255,0,0,1991,5,2,1,0,0,12,11,1
37,37316,6237,0,1,1991,4,2,1,0,0,7,7,1
34,34136,5210,1,1,1991,1,1,2,0,2,12,12,0
37,37167,5899,0,1,1991,11,4,1,0,0,9,10,0
23,23138,1225,0,0,1991,7,3,1,0,0,7,10,0
34,34063,5036,0,1,1991,7,3,6,0,0,6,10,0
24,24100,1451,1,0,1991,4,2,1,0,1,8,9,3
37,37105,5771,1,1,1991,1,1,4,0,1,14,11,3
31,31080,4203,1,0,1991,11,4,3,0,1,6,10,0
26,26092,2455,0,0,1990,12,4,4,0,0,13,11,2
30,30030,3698,0,0,1991,8,3,2,0,0,8,12,0
36,36071,5490,1,1,1991,2,1,1,0,1,8,8,0
30,30017,3665,0,0,1991,6,2,2,0,0,14,14,0
22,22211,938,0,0,1991,7,3,7,0,0,9,10,0
26,26135,2575,1,0,1991,8,3,5,0,1,13,13,0
34,34104,5133,0,1,1991,1,1,4,0,0,7,9,1
28,28010,3409,1,0,1990,12,4,7,0,5,11,12,2
22,22192,894,0,0,1990,10,4,7,0,0,9,11,3
28,28055,3507,0,0,1991,1,1,3,0,0,9,10,0
26,26163,2642,1,0,1991,5,2,3,0,1,15,12,0
37,37337,6274,0,1,1991,6,2,1,0,0,14,10,0
37,37065,5673,1,1,1991,6,2,6,0,1,16,10,0
31,31026,4076,0,0,1991,6,2,3,0,0,11,10,0
30,30153,3941,0,0,1991,7,3,4,0,0,9,9,0
37,37331,6264,0,1,1991,5,2,1,0,0,12,12,2
31,31008,4024,1,0,1991,7,3,4,0,2,13,12,0
31,31033,4091,0,0,1991,7,3,3,0,0,13,10,0
37,37128,5823,0,1,1991,5,2,4,0,0,11,10,3
33,33033,4661,1,1,1991,11,4,8,0,4,12,13,2
31,31263,4565,1,0,1991,8,3,5,0,1,16,11,0
31,31170,4351,0,0,1991,10,4,1,0,0,7,8,0
31,31205,4417,1,0,1991,5,2,6,0,2,8,11,2
26,26034,2321,1,0,1991,6,2,8,0,2,13,12,3
37,37262,6113,0,1,1991,2,1,2,0,0,6,10,1
25,25178,1848,0,0,1991,5,2,1,0,0,6,8,1
37,37227,6035,0,1,1991,5,2,4,0,0,11,10,2
23,23051,1049,1,0,1990,10,4,3,0,1,15,11,1
24,24045,1328,1,0,1990,10,4,4,0,1,17,12,1
30,30118,3858,1,0,1991,1,1,4,0,1,11,11,1
37,37009,5551,0,1,1991,3,1,9,0,0,10,11,0
22,22121,730,0,0,1990,12,4,1,0,0,12,10,0
31,31100,4244,1,0,1991,3,1,1,0,2,2,12,0
25,25284,2098,0,0,1991,11,4,5,0,0,12,11,0
34,34181,5303,1,1,1991,9,3,2,0,3,13,11,0
37,37220,6018,1,1,1991,9,3,5,0,1,12,12,0
36,36034,5423,1,1,1991,7,3,4,0,2,9,8,0
25,25272,2064,0,0,1991,10,4,2,0,0,7,10,0
23,23055,1060,0,0,1991,3,1,4,0,0,9,9,0
37,37337,6275,0,1,1991,11,4,2,0,0,11,11,1
30,30136,3902,0,0,1991,8,3,5,0,0,9,7,1
27,27015,3004,0,0,1990,10,4,5,0,0,12,10,0
22,22130,756,0,0,1991,7,3,4,0,0,13,11,0
26,26103,2486,1,0,1991,1,1,4,0,1,9,9,0
33,33058,4729,1,1,1991,6,2,5,0,4,15,13,0
20,20127,255,1,0,1991,4,2,4,0,4,13,14,2
22,22050,550,0,0,1991,3,1,2,0,0,13,11,0
25,25274,2070,1,0,1991,8,3,5,0,2,10,12,1
37,37144,5863,1,1,1991,7,3,3,0,1,10,9,0
36,36020,5391,0,1,1991,8,3,6,0,0,12,12,0
24,24065,1379,1,0,1991,3,1,4,0,2,14,14,0
27,27094,3210,0,0,1991,8,3,3,0,0,13,11,0
33,33081,4792,1,1,1991,2,1,3,0,3,15,12,0
31,31084,4210,1,0,1991,1,1,1,0,2,12,12,0
34,34111,5150,1,1,1991,3,1,4,0,2,11,11,0
22,22127,747,0,0,1991,7,3,4,0,0,12,10,0
37,37269,6133,0,1,1991,1,1,2,0,0,10,10,0
27,27031,3049,0,0,1991,9,3,6,0,0,8,11,1
31,31248,4527,1,0,1991,3,1,5,0,4,13,13,2
26,26029,2310,1,0,1991,5,2,6,0,1,7,9,7
30,30143,3915,1,0,1991,1,1,3,0,3,13,13,0
36,36084,5514,1,1,1991,11,4,2,0,1,5,10,0
21,21014,316,1,0,1991,6,2,6,0,1,13,11,0
26,26273,2889,1,0,1991,10,4,2,0,1,13,11,2
22,22168,850,0,0,1991,4,2,1,0,0,9,10,0
31,31086,4214,1,0,1991,1,1,1,0,4,13,13,0
25,25113,1723,1,0,1990,12,4,8,0,4,10,12,3
22,22169,852,0,0,1991,5,2,1,0,0,3,9,0
31,31095,4235,1,0,1991,7,3,2,0,1,7,9,0
20,20094,180,1,0,1991,4,2,6,0,2,13,13,1
26,26048,2352,1,0,1990,10,4,5,0,2,11,11,0
25,25338,2229,0,0,1991,10,4,4,0,0,15,11,1
26,26131,2563,1,0,1991,10,4,5,0,1,9,10,2
30,30055,3741,1,0,1991,11,4,2,0,1,12,11,1
26,26197,2735,1,0,1991,6,2,2,0,1,8,9,0
22,22122,734,0,0,1991,9,3,5,0,0,12,11,1
26,26181,2691,1,0,1991,5,2,2,0,2,14,14,0
21,21023,336,1,0,1991,1,1,4,0,2,16,13,1
33,33107,4863,0,1,1991,10,4,3,0,0,14,12,0
27,27166,3332,1,0,1991,10,4,6,0,1,16,11,0
25,25002,1524,0,0,1990,10,4,1,0,0,10,9,3
22,22042,527,0,0,1991,12,4,4,0,0,12,11,3
20,20098,189,0,0,1991,5,2,6,0,0,9,9,1
22,22135,769,0,0,1991,8,3,4,0,0,11,11,2
31,31080,4202,1,0,1991,6,2,2,0,1,4,10,0
24,24047,1335,0,0,1991,4,2,5,0,0,14,14,0
30,30079,3777,1,0,1991,11,4,8,0,3,11,12,1
25,25053,1599,1,0,1991,3,1,2,0,4,11,15,1
34,34090,5098,1,1,1991,8,3,5,0,6,14,17,0
38,38028,6405,1,1,1991,6,2,2,0,1,11,11,2
24,24097,1445,0,0,1991,3,1,1,0,0,5,9,0
26,26179,2684,0,0,1990,11,4,1,0,0,8,9,0
37,37272,6140,0,1,1991,1,1,2,0,0,13,9,0
31,31049,4128,1,0,1991,8,3,3,0,2,12,11,0
31,31235,4499,1,0,1991,4,2,5,0,4,12,12,0
26,26144,2597,0,0,1991,5,2,4,0,0,11,10,0
27,27042,3077,0,0,1991,4,2,4,0,0,9,11,1
30,30119,3861,0,0,1990,12,4,4,0,0,12,10,0
26,26005,2255,0,0,1991,3,1,12,0,0,10,11,0
37,37204,5978,0,1,1991,7,3,5,0,0,11,11,1
23,23029,1006,0,0,1991,10,4,8,0,0,8,7,1
27,27049,3092,0,0,1990,11,4,5,0,0,14,11,2
25,25334,2218,1,0,1991,5,2,3,0,2,13,11,0
37,37042,5622,0,1,1991,11,4,8,0,0,4,9,0
26,26130,2560,0,0,1990,11,4,3,0,0,11,9,0
26,26200,2744,0,0,1991,11,4,3,0,0,9,9,0
33,33026,4642,0,1,1990,12,4,6,0,0,13,12,2
22,22059,577,0,0,1991,3,1,2,0,0,15,11,1
24,24085,1422,1,0,1990,10,4,1,0,2,13,12,0
20,20073,148,1,0,1991,9,3,1,0,4,11,10,0
20,20068,142,1,0,1991,4,2,7,0,2,11,11,1
26,26261,2872,0,0,1991,4,2,1,0,0,10,10,0
22,22091,649,0,0,1991,4,2,5,0,0,9,9,0
36,36010,5366,1,1,1990,12,4,5,0,2,14,14,2
34,34176,5294,1,1,1991,4,2,1,0,2,9,9,0
27,27115,3254,1,0,1991,3,1,1,0,2,11,11,1
34,34141,5221,1,1,1991,2,1,2,0,1,12,10,0
30,30097,3818,0,0,1990,11,4,5,0,0,9,11,0
26,26245,2844,0,0,1991,3,1,1,0,0,5,9,0
24,24092,1437,1,0,1991,3,1,1,0,1,8,10,0
27,27045,3085,0,0,1991,12,4,5,0,0,12,11,0
37,37323,6250,0,1,1991,5,2,1,0,0,9,9,2
36,36104,5535,1,1,1990,11,4,4,0,6,11,17,0
24,24122,1478,1,0,1991,9,3,1,0,1,12,11,0
20,20023,52,1,0,1991,6,2,3,0,3,13,13,0
25,25265,2045,1,0,1991,7,3,5,0,1,13,9,0
26,26215,2784,1,0,1991,8,3,2,0,5,11,11,2
24,24093,1439,0,0,1991,3,1,1,0,0,8,10,2
34,34075,5062,1,1,1990,12,4,5,0,3,14,14,1
37,37332,6267,1,1,1991,10,4,2,0,4,9,12,0
26,26248,2850,1,0,1991,10,4,2,0,6,11,12,0
36,36056,5464,1,1,1991,3,1,2,0,1,11,11,1
27,27083,3183,1,0,1991,12,4,4,0,6,9,17,1
22,22199,910,0,0,1990,10,4,6,0,0,9,9,2
26,26071,2401,1,0,1991,3,1,6,0,1,10,10,0
37,37067,5675,0,1,1990,11,4,4,0,0,14,8,1
26,26147,2602,0,0,1991,1,1,3,0,0,9,9,2
22,22091,648,0,0,1990,11,4,4,0,0,10,10,1
30,30127,3879,0,0,1991,7,3,5,0,0,12,11,0
37,37377,6320,1,1,1991,9,3,1,0,12,11,20,2
26,26325,2965,0,0,1991,10,4,1,0,0,6,9,0
20,20102,201,1,0,1991,11,4,7,0,3,8,9,0
30,30160,3959,0,0,1990,11,4,2,0,0,7,7,1
28,28022,3429,1,0,1991,8,3,8,0,1,15,11,0
20,20074,149,1,0,1991,9,3,1,0,4,15,13,0
31,31042,4110,0,0,1991,2,1,2,0,0,12,10,0
37,37087,5728,1,1,1991,3,1,5,0,2,13,11,0
25,25219,1932,1,0,1991,2,1,4,0,2,12,12,0
23,23073,1105,1,0,1991,3,1,3,0,1,9,7,2
31,31005,4017,1,0,1991,7,3,4,0,1,11,11,1
27,27082,3179,1,0,1991,7,3,3,0,1,17,11,0
28,28023,3430,1,0,1991,2,1,6,0,1,13,10,2
22,22201,916,0,0,1991,8,3,8,0,0,10,9,0
30,30017,3664,0,0,1991,1,1,1,0,0,10,10,2
37,37216,6006,1,1,1990,12,4,3,0,2,13,11,0
28,28083,3573,0,0,1991,2,1,1,0,0,11,12,0
37,37307,6220,0,1,1991,3,1,1,0,0,11,10,0
27,27085,3186,0,0,1990,11,4,5,0,0,12,11,1
38,38021,6386,0,1,1991,3,1,4,0,0,10,10,0
27,27031,3047,0,0,1990,12,4,4,0,0,13,10,0
31,31250,4532,0,0,1990,11,4,4,0,0,6,7,0
30,30171,3984,1,0,1991,5,2,3,0,1,16,11,1
31,31058,4151,0,0,1991,9,3,3,0,0,3,10,0
25,25164,1820,0,0,1991,9,3,2,0,0,8,9,0
22,22184,880,0,0,1991,6,2,1,0,0,11,9,1
25,25030,1558,0,0,1991,9,3,1,0,0,6,8,0
26,26039,2332,1,0,1990,11,4,6,0,1,4,4,0
31,31069,4178,0,0,1991,5,2,2,0,0,14,10,1
25,25196,1886,0,0,1991,6,2,6,0,0,6,10,1
34,34071,5055,1,1,1991,8,3,6,0,2,10,9,1
26,26267,2879,1,0,1991,4,2,1,0,6,6,6,1
38,38105,6552,1,1,1990,11,4,5,0,1,12,10,2
28,28068,3538,0,0,1991,1,1,3,0,0,9,9,0
38,38032,6413,1,1,1990,11,4,1,0,2,13,11,3
31,31188,4381,0,0,1991,8,3,8,0,0,5,3,1
23,23103,1167,1,0,1991,2,1,1,0,1,10,10,1
34,34077,5070,1,1,1991,11,4,7,0,5,15,14,2
31,31186,4376,0,0,1991,10,4,9,0,0,10,10,1
36,36064,5479,1,1,1991,7,3,1,0,1,8,9,0
22,22140,782,0,0,1991,10,4,3,0,0,13,11,1
27,27191,3394,0,0,1990,10,4,2,0,0,10,10,0
26,26088,2445,1,0,1990,11,4,4,0,2,13,11,3
25,25105,1710,0,0,1991,3,1,1,0,0,12,10,0
31,31037,4097,0,0,1991,7,3,3,0,0,14,10,0
26,26177,2680,1,0,1991,8,3,3,0,1,16,12,0
27,27019,3016,1,0,1991,3,1,6,0,4,13,12,1
37,37154,5882,0,1,1991,5,2,1,0,0,6,9,0
30,30107,3836,1,0,1991,1,1,5,0,1,14,13,0
21,21027,347,0,0,1990,10,4,3,0,0,6,6,1
31,31167,4348,0,0,1991,10,4,1,0,0,11,10,0
37,37227,6036,0,1,1991,10,4,5,0,0,11,10,3
22,22151,812,0,0,1991,1,1,1,0,0,12,7,1
31,31131,4305,1,0,1991,9,3,2,0,1,10,11,1
37,37052,5646,1,1,1991,5,2,6,0,1,12,10,2
37,37292,6192,1,1,1991,7,3,2,0,1,10,10,1
26,26134,2572,1,0,1991,10,4,5,0,1,10,11,0
36,36003,5354,1,1,1991,8,3,4,0,1,12,12,4
37,37276,6151,1,1,1991,3,1,2,0,1,9,11,2
33,33073,4774,0,1,1991,11,4,5,0,0,14,10,1
36,36092,5522,1,1,1991,8,3,1,0,1,11,12,0
24,24036,1312,0,0,1991,6,2,5,0,0,10,9,0
31,31193,4391,0,0,1991,7,3,8,0,0,12,10,0
31,31014,4041,1,0,1991,4,2,3,0,1,16,12,0
24,24016,1260,0,0,1991,6,2,8,0,0,12,10,0
23,23059,1071,0,0,1991,9,3,5,0,0,12,12,2
27,27075,3163,1,0,1991,11,4,4,0,1,12,11,0
34,34175,5292,0,1,1991,3,1,1,0,0,9,9,0
25,25087,1680,0,0,1991,2,1,1,0,0,9,9,0
30,30110,3841,1,0,1991,2,1,5,0,2,14,11,0
28,28076,3560,1,0,1991,2,1,2,0,2,16,12,0
26,26202,2748,0,0,1991,1,1,1,0,0,9,9,0
37,37133,5839,0,1,1991,8,3,5,0,0,15,10,1
22,22101,673,0,0,1991,1,1,4,0,0,13,10,0
20,20011,26,1,0,1991,9,3,4,0,4,14,14,0
34,34070,5052,1,1,1991,10,4,7,0,1,13,13,2
26,26220,2795,1,0,1991,7,3,2,0,1,13,11,0
34,34089,5096,1,1,1991,8,3,6,0,11,8,20,2
25,25344,2242,0,0,1991,4,2,1,0,0,8,8,0
37,37043,5623,0,1,1991,2,1,6,0,0,13,10,1
33,33123,4894,1,1,1991,4,2,1,0,1,11,11,0
20,20105,207,0,0,1991,11,4,7,0,0,12,11,1
38,38062,6481,0,1,1991,5,2,1,0,0,7,7,0
30,30105,3833,1,0,1990,10,4,4,0,1,10,10,0
27,27117,3258,1,0,1991,3,1,1,0,8,11,15,0
25,25157,1804,1,0,1991,4,2,6,0,1,11,11,1
34,34166,5276,1,1,1991,1,1,1,0,2,3,9,7
27,27103,3232,0,0,1991,1,1,1,0,0,12,10,0
26,26128,2556,1,0,1991,5,2,4,0,2,12,11,0
24,24133,1492,0,0,1991,2,1,7,0,0,8,5,4
37,37149,5874,0,1,1991,7,3,2,0,0,15,10,0
26,26309,2950,0,0,1991,8,3,1,0,0,10,10,0
26,26044,2347,0,0,1991,11,4,8,0,0,5,9,3
26,26329,2969,0,0,1991,10,4,1,0,0,11,13,0
26,26017,2285,1,0,1991,3,1,9,0,1,8,9,0
37,37392,6334,0,1,1991,10,4,1,0,0,13,11,0
27,27169,3338,0,0,1990,12,4,4,0,0,13,10,0
34,34001,4930,0,1,1991,1,1,4,0,0,12,12,1
25,25309,2157,0,0,1991,2,1,3,0,0,12,11,1
37,37158,5890,1,1,1991,9,3,1,0,1,8,10,0
25,25047,1583,1,0,1991,8,3,3,0,1,10,10,0
27,27175,3356,0,0,1990,10,4,3,0,0,17,9,1
26,26182,2695,1,0,1991,10,4,3,0,3,10,9,0
26,26043,2344,1,0,1991,10,4,8,0,4,11,12,1
28,28083,3574,1,0,1991,7,3,2,0,1,13,9,0
26,26071,2402,1,0,1991,8,3,7,0,2,13,12,0
31,31214,4441,1,0,1991,8,3,7,0,2,14,12,0
24,24037,1314,1,0,1991,1,1,5,0,3,10,10,0
37,37063,5668,0,1,1991,2,1,5,0,0,9,10,0
37,37001,5540,1,1,1990,11,4,9,0,1,9,9,0
34,34170,5283,0,1,1991,2,1,1,0,0,9,9,1
25,25308,2155,1,0,1991,2,1,3,0,4,13,11,0
33,33022,4634,1,1,1991,5,2,7,0,3,9,9,0
34,34207,5335,0,1,1991,8,3,1,0,0,10,10,0
36,36067,5483,0,1,1991,3,1,1,0,0,10,10,0
37,37101,5761,0,1,1991,11,4,6,0,0,10,10,1
33,33089,4815,1,1,1991,4,2,3,0,2,13,12,3
38,38092,6525,0,1,1990,10,4,5,0,0,15,13,1
26,26058,2375,1,0,1991,2,1,5,0,3,13,13,0
37,37081,5712,1,1,1991,8,3,6,0,1,14,9,1
24,24033,1302,0,0,1990,11,4,4,0,0,9,7,2
26,26285,2911,0,0,1991,5,2,1,0,0,7,9,0
31,31261,4559,1,0,1991,3,1,4,0,1,7,9,0
27,27168,3337,0,0,1991,3,1,4,0,0,11,11,1
26,26100,2478,0,0,1991,5,2,5,0,0,6,10,0
22,22031,513,1,0,1991,8,3,9,0,1,12,10,0
25,25200,1895,1,0,1991,5,2,6,0,2,13,11,1
38,38024,6393,1,1,1990,11,4,3,0,1,11,11,1
26,26287,2915,0,0,1991,5,2,1,0,0,9,9,0
37,37225,6031,0,1,1991,8,3,5,0,0,14,10,0
22,22119,724,0,0,1990,12,4,3,0,0,13,10,0
27,27123,3270,0,0,1991,9,3,2,0,0,11,11,0
36,36105,5539,1,1,1991,8,3,5,0,1,11,10,3
25,25102,1705,0,0,1991,3,1,1,0,0,9,9,0
27,27159,3317,1,0,1991,11,4,1,0,1,7,11,1
37,37401,6343,0,1,1991,10,4,1,0,0,11,10,0
37,37349,6292,0,1,1991,11,4,2,0,0,13,10,0
22,22002,477,0,0,1990,12,4,2,0,0,8,11,0
36,36068,5486,0,1,1991,8,3,2,0,0,10,10,0
26,26254,2860,0,0,1991,9,3,2,0,0,11,10,1
34,34167,5277,1,1,1991,1,1,1,0,2,10,12,0
22,22019,499,0,0,1991,8,3,1,0,0,9,11,0
25,25264,2041,0,0,1991,3,1,4,0,0,13,11,0
20,20052,120,1,0,1991,10,4,2,0,1,13,14,1
25,25276,2076,0,0,1991,9,3,5,0,0,10,11,5
37,37120,5806,0,1,1991,2,1,4,0,0,16,10,0
22,22082,628,0,0,1990,10,4,4,0,0,10,8,0
31,31176,4359,1,0,1991,11,4,1,0,6,11,12,0
22,22212,939,0,0,1990,10,4,5,0,0,10,10,0
20,20017,40,1,0,1991,1,1,7,0,6,15,13,0
31,31119,4282,0,0,1991,9,3,2,0,0,9,10,0
37,37052,5647,1,1,1991,10,4,7,0,1,11,9,6
37,37116,5798,0,1,1990,11,4,6,0,0,12,9,0
37,37025,5579,0,1,1990,12,4,6,0,0,14,10,0
22,22156,825,0,0,1991,2,1,1,0,0,10,11,1
20,20034,79,1,0,1991,1,1,1,0,3,8,9,1
21,21036,370,0,0,1991,3,1,3,0,0,5,10,0
30,30100,3824,0,0,1991,8,3,1,0,0,10,9,0
27,27125,3275,0,0,1991,5,2,6,0,0,9,10,1
22,22014,494,0,0,1991,8,3,1,0,0,11,11,0
37,37042,5620,0,1,1991,1,1,6,0,0,6,9,4
24,24087,1427,1,0,1990,11,4,1,0,3,9,10,0
26,26095,2464,1,0,1991,5,2,4,0,1,12,11,0
30,30167,3975,0,0,1991,6,2,3,0,0,12,12,2
37,37254,6094,0,1,1991,3,1,3,0,0,16,10,1
31,31254,4541,0,0,1991,2,1,4,0,0,6,9,0
23,23061,1077,0,0,1991,11,4,5,0,0,11,10,0
31,31016,4047,1,0,1991,10,4,3,0,4,16,14,0
25,25198,1891,1,0,1991,11,4,7,0,2,11,11,1
34,34053,5017,0,1,1990,10,4,6,0,0,9,8,0
27,27125,3276,0,0,1991,10,4,7,0,0,11,9,1
25,25230,1957,1,0,1991,5,2,5,0,2,11,12,2
25,25286,2104,0,0,1991,10,4,5,0,0,13,12,1
30,30167,3976,0,0,1991,11,4,4,0,0,11,11,1
25,25007,1531,1,0,1991,7,3,1,0,5,10,11,0
30,30018,3669,1,0,1991,11,4,3,0,2,10,13,0
24,24142,1505,0,0,1991,3,1,9,0,0,11,10,1
30,30006,3635,0,0,1991,4,2,2,0,0,11,9,2
37,37069,5680,0,1,1991,2,1,5,0,0,12,10,2
37,37281,6163,1,1,1990,10,4,1,0,1,13,10,0
26,26276,2894,0,0,1991,9,3,2,0,0,14,12,0
31,31252,4537,1,0,1991,7,3,4,0,2,15,10,2
27,27177,3362,0,0,1990,11,4,3,0,0,12,9,0
20,20039,94,0,0,1991,6,2,2,0,0,11,11,1
30,30175,3994,1,0,1991,6,2,3,0,1,11,12,0
22,22193,898,0,0,1991,7,3,9,0,0,8,9,1
27,27087,3192,0,0,1991,8,3,7,0,0,10,9,0
22,22029,509,0,0,1991,9,3,1,0,0,14,9,0
22,22077,619,0,0,1990,12,4,5,0,0,7,8,0
25,25183,1857,1,0,1991,1,1,6,0,2,15,13,0
26,26135,2573,1,0,1990,11,4,3,0,1,11,11,0
25,25035,1565,1,0,1991,10,4,1,0,1,10,9,1
36,36039,5431,1,1,1991,3,1,3,0,2,14,11,0
34,34131,5200,0,1,1991,9,3,4,0,0,12,9,2
31,31078,4197,0,0,1991,11,4,3,0,0,4,10,0
30,30095,3813,1,0,1991,5,2,6,0,3,14,13,0
26,26298,2934,0,0,1991,11,4,2,0,0,13,9,0
20,20003,5,0,0,1991,1,1,3,0,0,12,12,0
26,26024,2299,0,0,1991,3,1,7,0,0,12,11,0
34,34121,5178,0,1,1991,5,2,4,0,0,14,11,0
22,22047,542,0,0,1991,7,3,3,0,0,12,10,0
37,37149,5873,0,1,1991,2,1,1,0,0,10,9,0
36,36022,5395,1,1,1991,9,3,6,0,2,13,12,1
26,26127,2554,1,0,1991,8,3,5,0,1,11,12,0
25,25238,1976,1,0,1990,12,4,4,0,5,11,15,1
37,37144,5862,1,1,1991,2,1,2,0,1,14,11,0
37,37211,5995,1,1,1990,11,4,3,0,1,10,10,0
28,28058,3514,1,0,1991,3,1,4,0,1,12,8,0
33,33102,4849,0,1,1991,7,3,3,0,0,13,10,0
37,37287,6179,0,1,1991,9,3,3,0,0,15,9,1
26,26172,2665,1,0,1991,1,1,2,0,1,4,4,0
24,24071,1394,0,0,1990,12,4,10,0,0,8,8,2
25,25291,2117,0,0,1990,10,4,1,0,0,10,10,0
31,31226,4472,0,0,1990,11,4,5,0,0,4,9,0
27,27067,3141,0,0,1991,7,3,4,0,0,12,10,0
37,37195,5955,1,1,1991,5,2,5,0,1,10,8,1
37,37132,5836,0,1,1991,9,3,5,0,0,13,11,0
36,36059,5469,0,1,1991,3,1,2,0,0,13,12,2
25,25106,1712,1,0,1990,12,4,6,0,2,10,9,0
27,27059,3120,0,0,1991,10,4,5,0,0,14,12,0
22,22065,592,1,0,1990,11,4,5,0,4,12,14,2
36,36024,5400,0,1,1991,5,2,5,0,0,14,14,1
26,26107,2497,1,0,1991,1,1,4,0,1,12,12,1
37,37100,5756,1,1,1991,1,1,4,0,1,13,11,1
26,26108,2500,0,0,1991,2,1,4,0,0,12,12,0
24,24057,1361,1,0,1991,2,1,3,0,1,12,14,0
27,27119,3263,0,0,1991,9,3,2,0,0,9,10,0
34,34082,5082,0,1,1991,11,4,7,0,0,10,11,3
37,37305,6217,0,1,1991,9,3,2,0,0,15,11,1
30,30179,4000,0,0,1991,3,1,2,0,0,12,11,1
38,38045,6449,1,1,1991,10,4,3,0,1,14,10,1
37,37255,6096,0,1,1990,11,4,2,0,0,10,11,0
34,34120,5174,1,1,1990,12,4,3,0,1,12,11,1
26,26246,2845,0,0,1991,3,1,1,0,0,5,5,0
37,37336,6272,0,1,1991,5,2,1,0,0,9,8,0
26,26103,2487,1,0,1991,6,2,5,0,1,11,11,1
25,25260,2032,1,0,1990,10,4,3,0,2,12,11,0
34,34194,5322,1,1,1991,7,3,1,0,1,13,12,1
30,30144,3918,0,0,1991,1,1,3,0,0,13,12,3
27,27006,2983,0,0,1991,5,2,8,0,0,13,9,2
25,25323,2194,0,0,1991,10,4,4,0,0,11,11,0
37,37328,6259,0,1,1991,10,4,2,0,0,10,9,0
34,34024,4975,1,1,1991,2,1,2,0,2,12,12,0
36,36104,5537,1,1,1991,10,4,6,0,2,12,12,0
27,27063,3131,0,0,1991,6,2,3,0,0,14,11,0
34,34200,5328,1,1,1991,7,3,1,0,2,11,10,0
37,37198,5965,0,1,1991,8,3,5,0,0,13,11,1
31,31209,4429,0,0,1991,6,2,6,0,0,14,10,3
37,37206,5984,0,1,1991,8,3,5,0,0,10,10,1
37,37234,6051,1,1,1991,1,1,3,0,1,12,9,0
26,26171,2662,1,0,1991,1,1,2,0,1,13,12,1
20,20018,41,1,0,1991,2,1,7,0,2,12,12,0
24,24048,1337,1,0,1990,11,4,3,0,1,13,12,0
22,22129,753,0,0,1991,5,2,2,0,0,5,9,2
22,22120,727,0,0,1990,12,4,3,0,0,9,9,2
30,30044,3723,0,0,1991,5,2,1,0,0,8,10,1
34,34151,5245,0,1,1991,11,4,3,0,0,10,12,0
25,25280,2087,1,0,1991,9,3,5,0,1,6,10,0
37,37059,5659,0,1,1990,12,4,5,0,0,11,8,4
38,38061,6479,0,1,1991,4,2,1,0,0,4,8,0
27,27056,3111,0,0,1990,11,4,3,0,0,15,10,2
31,31193,4389,1,0,1990,10,4,6,0,1,13,11,0
22,22105,687,0,0,1991,10,4,3,0,0,13,12,0
20,20127,254,1,0,1990,11,4,3,0,2,14,10,2
25,25265,2043,1,0,1990,10,4,3,0,1,16,13,0
22,22046,539,1,0,1991,9,3,4,0,1,13,11,0
25,25281,2090,1,0,1991,10,4,5,0,1,12,11,1
36,36023,5398,1,1,1991,10,4,3,0,6,17,16,4
26,26114,2516,0,0,1991,6,2,5,0,0,12,12,0
31,31031,4087,0,0,1991,3,1,5,0,0,12,10,0
31,31152,4333,1,0,1991,8,3,1,0,2,9,11,0
31,31224,4467,1,0,1990,11,4,5,0,1,8,10,2
22,22084,633,0,0,1991,3,1,5,0,0,11,11,0
38,38034,6420,1,1,1991,3,1,2,0,1,10,10,3
31,31234,4496,0,0,1991,2,1,5,0,0,13,9,0
31,31057,4146,1,0,1990,11,4,1,0,1,13,9,0
27,27033,3053,1,0,1991,9,3,6,0,2,12,12,1
37,37267,6128,1,1,1991,6,2,3,0,1,10,11,0
37,37162,5894,0,1,1991,10,4,1,0,0,6,9,1
26,26029,2311,0,0,1991,9,3,7,0,0,8,9,1
24,24019,1266,1,0,1991,1,1,6,0,1,9,8,0
34,34131,5198,0,1,1990,11,4,2,0,0,9,10,0
26,26320,2960,0,0,1991,9,3,1,0,0,7,7,0
37,37330,6263,0,1,1991,10,4,2,0,0,11,8,0
25,25290,2115,1,0,1991,6,2,4,0,1,13,13,2
22,22196,905,0,0,1991,6,2,8,0,0,14,11,0
37,37280,6162,0,1,1991,8,3,3,0,0,11,10,0
34,34051,5013,1,1,1990,10,4,6,0,1,14,11,0
26,26180,2687,1,0,1990,12,4,1,0,4,14,10,0
31,31218,4451,1,0,1991,1,1,4,0,1,15,11,0
25,25170,1830,0,0,1991,5,2,1,0,0,11,11,0
38,38017,6376,0,1,1991,2,1,4,0,0,12,9,1
20,20010,23,0,0,1991,8,3,4,0,0,7,7,3
30,30050,3734,0,0,1990,11,4,9,0,0,11,10,0
31,31018,4051,1,0,1990,11,4,2,0,2,10,12,1
20,20099,192,1,0,1991,5,2,6,0,2,12,12,1
30,30052,3736,0,0,1991,6,2,1,0,0,9,11,0
36,36020,5390,1,1,1991,3,1,5,0,1,6,10,0
25,25109,1716,0,0,1991,4,2,1,0,0,10,10,0
24,24029,1294,1,0,1991,10,4,7,0,2,10,9,1
36,36050,5454,0,1,1991,5,2,3,0,0,9,9,1
37,37010,5552,0,1,1991,2,1,8,0,0,8,10,2
25,25250,2009,1,0,1990,11,4,3,0,1,12,13,0
25,25284,2096,1,0,1991,1,1,3,0,2,13,13,0
34,34107,5139,1,1,1991,2,1,4,0,2,10,11,1
22,22043,530,0,0,1991,7,3,3,0,0,4,9,6
31,31037,4096,1,0,1991,2,1,2,0,4,12,11,0
37,37228,6037,1,1,1990,11,4,3,0,2,12,10,3
24,24001,1235,0,0,1990,12,4,10,0,0,11,10,2
26,26151,2611,0,0,1991,1,1,3,0,0,13,11,1
34,34055,5019,1,1,1990,10,4,6,0,1,12,8,0
26,26188,2711,1,0,1991,10,4,3,0,5,11,13,4
22,22002,478,0,0,1991,5,2,3,0,0,12,10,1
27,27101,3229,0,0,1990,12,4,1,0,0,6,9,0
28,28042,3476,0,0,1991,9,3,6,0,0,12,23,3
37,37231,6044,0,1,1990,12,4,3,0,0,15,10,0
38,38019,6381,1,1,1991,3,1,4,0,2,13,11,4
34,34050,5011,1,1,1990,10,4,6,0,2,10,11,3
20,20100,194,1,0,1991,2,1,5,0,1,11,11,5
27,27040,3072,0,0,1991,9,3,5,0,0,14,14,1
27,27058,3116,1,0,1991,5,2,4,0,1,9,11,0
23,23054,1057,1,0,1991,3,1,4,0,2,10,15,3
20,20097,186,1,0,1990,12,4,5,0,1,14,14,0
31,31197,4397,0,0,1991,3,1,7,0,0,12,9,0
20,20029,67,1,0,1991,4,2,2,0,2,11,5,0
22,22058,575,0,0,1991,9,3,3,0,0,9,11,0
20,20034,80,0,0,1991,7,3,2,0,0,13,10,0
30,30175,3993,0,0,1991,1,1,2,0,0,10,10,0
37,37262,6114,0,1,1991,7,3,3,0,0,9,8,0
24,24069,1390,0,0,1991,10,4,4,0,0,12,10,0
34,34056,5021,0,1,1991,4,2,7,0,0,13,11,1
23,23110,1179,1,0,1991,7,3,2,0,1,14,11,1
22,22030,510,1,0,1991,10,4,1,0,1,10,12,0
27,27165,3328,0,0,1991,4,2,5,0,0,12,9,0
33,33100,4844,1,1,1991,7,3,3,0,2,14,12,0
27,27055,3109,0,0,1991,3,1,6,0,0,11,10,1
30,30099,3823,0,0,1991,11,4,7,0,0,12,10,0
23,23098,1159,1,0,1991,1,1,1,0,1,9,9,0
34,34026,4980,1,1,1991,6,2,2,0,1,9,8,0
26,26280,2902,1,0,1991,9,3,2,0,2,10,10,0
22,22216,950,0,0,1991,11,4,8,0,0,9,11,0
36,36038,5429,0,1,1991,2,1,3,0,0,13,11,0
31,31092,4229,0,0,1991,7,3,6,0,0,9,10,3
28,28049,3496,1,0,1991,6,2,5,0,1,16,20,0
25,25100,1702,1,0,1991,3,1,1,0,2,11,11,1
34,34023,4973,0,1,1991,1,1,2,0,0,15,10,0
22,22044,531,0,0,1990,10,4,1,0,0,4,4,3
37,37067,5677,0,1,1991,10,4,6,0,0,12,9,5
34,34117,5165,1,1,1990,11,4,2,0,1,9,10,2
24,24111,1467,0,0,1991,7,3,1,0,0,11,9,0
38,38027,6403,0,1,1991,10,4,3,0,0,13,12,0
26,26035,2323,1,0,1990,11,4,6,0,1,5,10,0
27,27123,3269,0,0,1991,4,2,1,0,0,8,10,0
30,30071,3761,0,0,1991,7,3,1,0,0,11,10,0
31,31075,4189,1,0,1991,6,2,2,0,2,10,12,2
21,21062,423,1,0,1991,3,1,1,0,2,6,12,0
38,38043,6444,1,1,1991,10,4,3,0,2,14,12,0
30,30044,3724,0,0,1991,10,4,2,0,0,8,11,4
25,25144,1780,1,0,1991,4,2,7,0,1,12,11,3
23,23028,1002,1,0,1990,11,4,6,0,3,16,14,0
24,24044,1326,0,0,1991,3,1,5,0,0,12,11,0
22,22206,926,0,0,1991,7,3,7,0,0,12,9,0
23,23047,1042,1,0,1991,10,4,6,0,1,8,11,0
26,26233,2823,1,0,1991,7,3,2,0,2,10,10,0
20,20010,22,1,0,1991,3,1,3,0,1,11,11,1
31,31069,4179,0,0,1991,10,4,3,0,0,13,10,2
26,26183,2696,0,0,1991,2,1,1,0,0,9,9,2
37,37002,5541,0,1,1990,11,4,9,0,0,12,8,0
38,38055,6468,0,1,1991,4,2,1,0,0,9,9,0
20,20046,109,1,0,1991,3,1,1,0,3,13,13,1
36,36042,5436,1,1,1990,10,4,2,0,1,13,13,0
31,31277,4593,1,0,1991,1,1,3,0,2,13,12,0
34,34168,5279,1,1,1991,2,1,1,0,3,10,13,1
31,31059,4153,0,0,1991,5,2,2,0,0,4,8,0
25,25253,2017,1,0,1991,7,3,5,0,1,11,11,1
26,26202,2749,1,0,1991,6,2,2,0,1,7,10,0
37,37202,5974,0,1,1991,7,3,5,0,0,9,9,0
25,25161,1812,0,0,1991,4,2,7,0,0,9,10,2
37,37090,5737,0,1,1991,4,2,5,0,0,17,10,2
26,26176,2675,0,0,1990,10,4,1,0,0,10,9,0
34,34153,5248,0,1,1991,3,1,1,0,0,10,11,1
34,34091,5101,1,1,1991,9,3,6,0,1,10,11,0
34,34028,4984,0,1,1991,2,1,1,0,0,7,9,0
27,27091,3200,1,0,1990,10,4,1,0,1,11,10,0
24,24006,1245,0,0,1991,1,1,10,0,0,7,9,3
31,31049,4126,0,0,1990,10,4,1,0,0,11,11,0
22,22131,757,0,0,1990,10,4,2,0,0,8,7,0
26,26150,2610,1,0,1991,10,4,5,0,1,12,12,0
22,22159,833,0,0,1991,7,3,2,0,0,14,12,0
25,25089,1684,1,0,1991,2,1,1,0,2,14,11,1
37,37041,5619,0,1,1991,11,4,8,0,0,11,10,0
33,33145,4927,1,1,1991,10,4,1,0,1,13,13,0
27,27163,3321,0,0,1990,12,4,4,0,0,12,10,0
27,27022,3024,1,0,1990,11,4,5,0,1,13,12,2
22,22135,768,0,0,1991,3,1,3,0,0,11,11,1
26,26251,2854,0,0,1991,4,2,1,0,0,12,12,2
26,26061,2380,0,0,1991,7,3,6,0,0,6,6,1
31,31229,4483,0,0,1991,10,4,7,0,0,12,10,0
26,26224,2803,0,0,1991,2,1,1,0,0,9,9,0
24,24045,1330,1,0,1991,8,3,6,0,1,11,11,0
30,30025,3687,1,0,1991,2,1,1,0,4,7,14,1
27,27028,3040,0,0,1991,7,3,5,0,0,13,11,4
34,34103,5131,0,1,1991,5,2,5,0,0,11,10,0
22,22094,655,0,0,1990,11,4,1,0,0,7,10,0
25,25085,1677,0,0,1991,7,3,2,0,0,8,8,2
20,20033,77,1,0,1991,5,2,2,0,2,13,12,2
27,27041,3074,0,0,1991,3,1,4,0,0,14,10,1
36,36102,5532,0,1,1991,4,2,9,0,0,9,8,2
26,26197,2736,1,0,1991,11,4,3,0,1,12,10,0
22,22186,885,0,0,1991,11,4,2,0,0,9,9,0
25,25254,2020,0,0,1991,11,4,6,0,0,7,10,0
30,30110,3842,1,0,1991,7,3,6,0,1,12,12,0
20,20095,182,1,0,1990,12,4,5,0,1,10,10,0
30,30096,3815,0,0,1990,12,4,5,0,0,16,10,0
27,27108,3244,1,0,1991,2,1,1,0,1,9,10,1
25,25275,2073,1,0,1991,9,3,5,0,1,15,11,0
26,26078,2418,0,0,1990,11,4,4,0,0,7,8,2
20,20096,184,1,0,1990,12,4,5,0,1,14,14,0
34,34024,4976,0,1,1991,7,3,3,0,0,14,12,0
31,31057,4147,1,0,1991,4,2,2,0,1,10,9,0
37,37214,6002,0,1,1990,12,4,4,0,0,11,8,4
33,33056,4722,1,1,1990,12,4,4,0,2,14,12,1
22,22211,937,0,0,1991,2,1,6,0,0,9,11,2
25,25257,2026,0,0,1991,7,3,5,0,0,12,10,0
27,27011,2994,1,0,1991,6,2,8,0,4,17,13,0
22,22183,878,0,0,1991,5,2,1,0,0,9,9,0
28,28042,3475,1,0,1991,3,1,5,0,2,11,17,0
34,34158,5258,0,1,1990,12,4,1,0,0,6,9,1
20,20120,234,1,0,1990,12,4,4,0,2,14,12,0
27,27165,3327,0,0,1990,11,4,4,0,0,12,10,0
37,37257,6104,0,1,1991,8,3,4,0,0,11,10,2
25,25171,1834,1,0,1991,9,3,7,0,1,12,11,0
25,25175,1843,1,0,1991,3,1,6,0,4,12,13,0
31,31046,4121,1,0,1990,10,4,1,0,4,13,14,0
23,23122,1200,1,0,1991,4,2,1,0,1,11,11,0
27,27026,3035,1,0,1991,6,2,6,0,1,11,11,1
34,34009,4947,1,1,1990,10,4,3,0,4,13,13,0
28,28093,3591,0,0,1991,3,1,1,0,0,1,9,2
23,23140,1227,0,0,1991,9,3,1,0,0,10,10,0
25,25250,2010,0,0,1991,4,2,4,0,0,9,10,2
26,26126,2550,0,0,1991,3,1,4,0,0,8,10,1
38,38090,6523,1,1,1991,8,3,6,0,1,10,9,2
31,31233,4495,1,0,1991,11,4,7,0,2,11,10,0
37,37188,5940,0,1,1990,11,4,5,0,0,13,9,0
22,22158,830,0,0,1991,2,1,1,0,0,11,10,0
24,24069,1389,1,0,1991,5,2,3,0,1,16,12,2
20,20036,86,1,0,1991,6,2,2,0,5,14,14,0
37,37155,5886,0,1,1991,7,3,8,0,0,7,7,1
22,22146,799,0,0,1991,8,3,2,0,0,5,5,0
25,25270,2060,0,0,1991,8,3,5,0,0,15,10,0
34,34077,5069,1,1,1991,6,2,6,0,2,10,10,1
37,37037,5607,0,1,1991,3,1,6,0,0,11,9,2
37,37041,5618,0,1,1991,6,2,7,0,0,7,10,0
25,25084,1675,0,0,1991,2,1,1,0,0,7,9,1
36,36040,5433,0,1,1991,3,1,3,0,0,6,10,0
23,23010,966,1,0,1991,10,4,11,0,1,9,8,5
28,28062,3526,0,0,1991,8,3,4,0,0,9,9,1
23,23025,996,1,0,1990,11,4,8,0,1,11,9,3
37,37388,6330,1,1,1991,10,4,1,0,1,10,10,1
27,27055,3108,0,0,1990,10,4,5,0,0,11,9,1
37,37235,6054,1,1,1991,1,1,3,0,1,17,10,0
31,31267,4574,0,0,1990,12,4,3,0,0,5,10,0
33,33143,4925,1,1,1991,10,4,1,0,2,14,13,0
20,20032,75,1,0,1991,11,4,3,0,1,15,14,0
22,22113,709,0,0,1991,9,3,5,0,0,10,11,2
34,34023,4974,0,1,1991,6,2,3,0,0,15,11,0
22,22046,537,0,0,1990,12,4,2,0,0,8,10,1
25,25067,1633,1,0,1991,4,2,2,0,1,9,11,1
38,38061,6480,1,1,1991,9,3,2,0,1,12,12,0
30,30105,3834,1,0,1991,3,1,5,0,7,8,18,1
31,31122,4287,0,0,1991,9,3,2,0,0,4,9,0
37,37074,5691,0,1,1990,10,4,4,0,0,11,10,0
34,34123,5183,0,1,1991,7,3,4,0,0,5,6,0
38,38086,6513,0,1,1991,1,1,7,0,0,9,8,0
37,37071,5685,1,1,1991,7,3,6,0,1,11,10,1
36,36007,5362,0,1,1991,5,2,6,0,0,9,8,3
30,30057,3744,0,0,1991,7,3,8,0,0,10,9,0
36,36016,5377,1,1,1990,11,4,4,0,1,11,12,0
34,34057,5024,1,1,1991,5,2,7,0,1,8,8,7
24,24004,1240,0,0,1990,10,4,10,0,0,11,10,1
31,31007,4022,0,0,1991,7,3,4,0,0,12,10,0
26,26086,2442,0,0,1991,4,2,5,0,0,5,11,1
38,38008,6358,1,1,1990,10,4,8,0,2,14,12,0
23,23097,1156,1,0,1990,12,4,1,0,9,9,17,0
36,36025,5403,1,1,1991,6,2,5,0,4,19,16,0
36,36034,5422,1,1,1991,2,1,3,0,2,11,10,1
37,37065,5672,0,1,1991,2,1,5,0,0,15,10,1
26,26141,2590,1,0,1991,11,4,5,0,2,12,11,0
20,20105,206,1,0,1991,6,2,6,0,1,11,10,0
27,27135,3291,1,0,1991,10,4,2,0,1,10,12,2
34,34056,5020,0,1,1990,11,4,6,0,0,11,9,0
37,37372,6315,0,1,1991,9,3,1,0,0,11,10,0
34,34102,5128,1,1,1991,5,2,5,0,2,14,11,0
37,37256,6099,0,1,1990,11,4,2,0,0,9,10,0
22,22015,495,0,0,1991,8,3,1,0,0,11,10,0
27,27047,3087,1,0,1991,2,1,3,0,1,13,11,0
38,38022,6389,0,1,1991,4,2,3,0,0,12,10,0
22,22150,810,0,0,1991,5,2,3,0,0,11,12,2
37,37154,5883,0,1,1991,10,4,2,0,0,9,9,0
26,26300,2937,1,0,1991,6,2,1,0,2,13,12,0
37,37115,5797,1,1,1991,7,3,5,0,2,14,13,0
38,38007,6356,0,1,1991,2,1,5,0,0,7,9,0
26,26078,2420,1,0,1991,8,3,6,0,1,8,11,1
22,22044,532,0,0,1991,3,1,2,0,0,10,9,1
27,27038,3067,0,0,1991,11,4,5,0,0,12,11,0
30,30102,3826,1,0,1990,12,4,5,0,1,13,10,3
37,37359,6302,0,1,1991,8,3,1,0,0,9,9,0
31,31169,4350,1,0,1991,10,4,1,0,2,11,12,0
30,30132,3889,1,0,1991,3,1,4,0,1,15,11,1
26,26291,2923,0,0,1991,6,2,1,0,0,12,10,0
25,25258,2027,0,0,1991,2,1,3,0,0,11,11,1
31,31225,4471,1,0,1991,4,2,6,0,2,7,10,0
38,38040,6434,0,1,1991,4,2,2,0,0,8,8,0
26,26227,2811,1,0,1991,12,4,3,0,2,8,11,2
22,22188,887,0,0,1991,7,3,1,0,0,13,11,1
27,27080,3175,1,0,1991,11,4,4,0,2,13,9,0
34,34032,4992,0,1,1991,7,3,1,0,0,8,12,0
34,34076,5067,1,1,1991,11,4,7,0,2,14,14,1
26,26050,2358,0,0,1991,11,4,7,0,0,9,9,0
37,37398,6340,1,1,1991,10,4,1,0,4,7,7,1
26,26174,2670,0,0,1991,6,2,3,0,0,10,10,0
31,31137,4313,1,0,1991,11,4,2,0,5,12,13,0
23,23083,1127,0,0,1991,6,2,3,0,0,11,11,0
34,34150,5242,1,1,1991,11,4,3,0,1,6,7,1
25,25234,1968,1,0,1991,5,2,1,0,2,8,10,0
24,24011,1251,1,0,1990,11,4,7,0,4,10,12,4
36,36062,5475,1,1,1990,11,4,1,0,2,12,12,1
27,27180,3370,0,0,1991,8,3,4,0,0,8,12,1
38,38009,6362,0,1,1991,8,3,6,0,0,7,7,2
25,25162,1814,1,0,1990,11,4,6,0,2,13,11,1
33,33138,4920,0,1,1991,9,3,1,0,0,9,10,0
37,37101,5760,0,1,1991,6,2,5,0,0,12,9,0
34,34088,5091,0,1,1990,10,4,4,0,0,11,11,1
28,28085,3577,0,0,1991,3,1,1,0,0,12,11,1
24,24145,1514,1,0,1991,8,3,10,0,5,14,14,1
20,20045,108,0,0,1991,8,3,2,0,0,12,12,0
34,34087,5089,1,1,1991,2,1,5,0,1,14,11,2
37,37105,5772,0,1,1991,6,2,5,0,0,15,10,4
34,34205,5333,0,1,1991,8,3,1,0,0,11,10,0
24,24101,1454,0,0,1991,9,3,2,0,0,11,10,1
31,31227,4476,0,0,1991,4,2,6,0,0,10,11,0
31,31187,4378,0,0,1991,4,2,7,0,0,13,8,0
34,34030,4988,1,1,1991,5,2,1,0,2,9,10,1
30,30124,3872,1,0,1991,6,2,5,0,1,13,8,2
37,37236,6057,1,1,1991,6,2,4,0,1,13,10,1
27,27100,3228,0,0,1991,10,4,3,0,0,9,10,0
22,22121,731,1,0,1991,5,2,2,0,3,11,11,1
28,28046,3488,0,0,1991,9,3,6,0,0,10,9,0
28,28022,3427,1,0,1990,10,4,6,0,3,17,13,1
27,27107,3242,1,0,1991,2,1,1,0,1,4,11,2
27,27038,3065,0,0,1991,2,1,3,0,0,14,10,0
23,23070,1097,1,0,1991,7,3,4,0,1,12,11,1
33,33111,4871,0,1,1991,7,3,2,0,0,10,10,0
25,25204,1904,1,0,1990,11,4,5,0,2,14,10,0
26,26335,2975,1,0,1991,12,4,1,0,5,12,8,0
31,31230,4486,0,0,1991,9,3,7,0,0,10,11,0
30,30045,3726,0,0,1991,10,4,2,0,0,18,11,0
34,34131,5199,0,1,1991,4,2,3,0,0,7,10,0
24,24121,1477,1,0,1991,9,3,1,0,1,10,8,0
26,26301,2940,0,0,1991,11,4,2,0,0,12,12,0
24,24004,1242,0,0,1991,9,3,12,0,0,11,9,0
31,31043,4113,1,0,1991,3,1,2,0,1,10,11,0
38,38021,6385,0,1,1990,10,4,3,0,0,9,10,1
37,37056,5653,0,1,1991,6,2,6,0,0,11,9,3
31,31212,4432,1,0,1990,10,4,5,0,4,7,12,0
25,25050,1590,0,0,1990,10,4,1,0,0,11,10,0
20,20022,50,1,0,1991,8,3,3,0,6,14,16,0
34,34174,5291,1,1,1991,9,3,2,0,1,9,9,0
37,37349,6291,1,1,1991,7,3,1,0,1,11,9,0
27,27012,2997,1,0,1991,5,2,7,0,1,13,10,0
31,31217,4450,1,0,1991,10,4,7,0,2,12,11,1
31,31065,4169,1,0,1990,12,4,1,0,3,12,12,0
26,26056,2371,0,0,1990,11,4,4,0,0,6,8,3
23,23051,1050,1,0,1991,3,1,4,0,2,14,12,1
37,37169,5902,0,1,1990,10,4,6,0,0,13,10,1
26,26142,2591,1,0,1990,10,4,2,0,2,16,13,0
31,31020,4057,1,0,1991,1,1,2,0,2,16,12,0
22,22123,735,0,0,1990,12,4,3,0,0,11,10,0
23,23110,1178,1,0,1991,2,1,1,0,1,9,9,1
23,23036,1020,1,0,1991,10,4,6,0,3,16,13,1
34,34010,4950,1,1,1990,10,4,3,0,3,8,9,0
31,31041,4107,0,0,1991,3,1,2,0,0,9,10,0
25,25271,2061,0,0,1991,2,1,4,0,0,9,10,0
37,37073,5690,1,1,1991,8,3,6,0,2,15,9,4
26,26149,2607,1,0,1991,9,3,4,0,3,13,11,0
31,31028,4081,0,0,1991,7,3,3,0,0,10,10,1
33,33090,4818,1,1,1991,4,2,3,0,3,5,10,0
27,27012,2998,1,0,1991,10,4,8,0,1,14,10,1
34,34072,5057,1,1,1991,4,2,6,0,1,14,11,0
27,27187,3386,0,0,1991,8,3,4,0,0,14,9,1
26,26224,2804,0,0,1991,7,3,2,0,0,10,10,2
31,31246,4522,0,0,1991,3,1,5,0,0,11,10,0
25,25173,1839,0,0,1991,8,3,7,0,0,8,10,0
28,28068,3540,0,0,1991,11,4,5,0,0,14,9,0
23,23085,1132,1,0,1991,7,3,3,0,1,11,9,1
37,37227,6034,1,1,1991,1,1,3,0,1,7,10,0
21,21091,460,1,0,1990,12,4,7,0,1,12,12,0
27,27076,3164,1,0,1991,1,1,2,0,1,13,11,0
27,27124,3272,0,0,1991,3,1,5,0,0,10,10,0
25,25310,2160,0,0,1991,7,3,4,0,0,14,10,1
27,27142,3301,0,0,1991,7,3,1,0,0,6,10,0
25,25316,2174,0,0,1991,8,3,4,0,0,8,9,1
24,24066,1382,1,0,1991,4,2,3,0,4,14,16,0
22,22110,698,0,0,1990,11,4,3,0,0,7,10,0
22,22087,639,0,0,1990,10,4,4,0,0,14,11,0
25,25133,1756,0,0,1991,3,1,7,0,0,10,11,0
34,34132,5201,1,1,1990,11,4,2,0,2,11,9,0
36,36101,5531,0,1,1990,12,4,9,0,0,8,6,0
28,28094,3593,0,0,1991,6,2,1,0,0,14,11,1
27,27009,2989,1,0,1990,12,4,7,0,2,8,10,2
28,28112,3614,0,0,1991,10,4,1,0,0,11,10,0
30,30131,3886,0,0,1991,4,2,4,0,0,11,12,0
34,34083,5083,1,1,1991,2,1,5,0,1,10,11,4
26,26065,2385,1,0,1990,10,4,5,0,1,10,10,1
24,24089,1432,1,0,1991,2,1,1,0,1,3,7,0
23,23033,1014,1,0,1990,10,4,5,0,2,11,9,0
25,25112,1721,1,0,1991,4,2,1,0,2,11,11,0
20,20060,133,1,0,1991,7,3,1,0,7,9,11,0
27,27149,3308,0,0,1991,8,3,1,0,0,10,9,1
26,26184,2701,0,0,1991,10,4,3,0,0,7,9,3
26,26020,2290,1,0,1990,11,4,8,0,2,9,9,0
38,38030,6410,0,1,1991,7,3,3,0,0,9,10,0
31,31239,4508,0,0,1991,6,2,6,0,0,8,10,1
22,22059,576,0,0,1990,11,4,1,0,0,12,6,0
37,37133,5838,0,1,1991,4,2,4,0,0,13,9,2
22,22143,789,0,0,1991,1,1,1,0,0,8,10,3
26,26200,2742,0,0,1991,2,1,1,0,0,9,9,2
31,31248,4526,1,0,1990,10,4,4,0,2,11,12,1
28,28071,3548,0,0,1991,5,2,3,0,0,12,10,1
22,22141,784,0,0,1991,5,2,2,0,0,11,9,2
28,28017,3418,1,0,1991,11,4,8,0,1,10,10,0
24,24143,1508,1,0,1991,7,3,9,0,3,13,13,2
26,26065,2387,0,0,1991,8,3,7,0,0,2,7,4
36,36029,5410,0,1,1991,2,1,1,0,0,11,11,0
27,27016,3008,1,0,1991,7,3,7,0,2,12,13,0
22,22055,566,0,0,1991,8,3,3,0,0,15,10,0
33,33024,4637,0,1,1990,11,4,6,0,0,12,12,1
37,37030,5591,0,1,1991,10,4,8,0,0,11,10,0
37,37054,5650,0,1,1991,6,2,6,0,0,11,9,1
36,36017,5381,1,1,1991,4,2,5,0,2,13,13,1
30,30088,3795,0,0,1990,10,4,5,0,0,12,10,2
37,37225,6029,1,1,1990,10,4,3,0,2,14,11,0
24,24084,1419,1,0,1990,10,4,1,0,1,12,12,3
36,36007,5363,0,1,1991,10,4,7,0,0,5,5,3
31,31166,4347,1,0,1991,9,3,1,0,2,14,9,0
25,25112,1722,0,0,1991,9,3,2,0,0,7,10,2
20,20132,271,1,0,1991,9,3,5,0,5,13,14,0
37,37243,6072,1,1,1990,10,4,2,0,2,11,10,0
27,27126,3277,0,0,1991,2,1,4,0,0,9,10,0
31,31067,4172,1,0,1991,5,2,2,0,1,11,12,0
26,26194,2726,1,0,1991,1,1,1,0,1,11,10,0
24,24013,1255,1,0,1990,12,4,7,0,4,11,10,0
27,27188,3389,0,0,1991,9,3,4,0,0,12,9,0
31,31185,4371,1,0,1990,12,4,6,0,1,12,11,2
34,34129,5194,0,1,1990,11,4,2,0,0,10,9,0
25,25264,2040,1,0,1990,10,4,3,0,2,13,11,0
37,37264,6118,0,1,1990,12,4,2,0,0,14,11,1
27,27106,3241,0,0,1991,8,3,2,0,0,9,11,1
25,25110,1718,1,0,1991,4,2,1,0,1,9,10,0
31,31255,4543,0,0,1991,7,3,5,0,0,14,11,0
25,25284,2097,0,0,1991,6,2,4,0,0,15,10,1
31,31227,4475,0,0,1990,12,4,5,0,0,12,10,0
20,20029,66,1,0,1990,11,4,1,0,9,11,11,0
27,27076,3166,0,0,1991,12,4,4,0,0,12,11,1
22,22206,925,0,0,1991,2,1,6,0,0,10,9,2
33,33067,4756,0,1,1991,3,1,4,0,0,15,11,0
30,30115,3853,0,0,1991,9,3,6,0,0,12,10,2
28,28043,3478,1,0,1991,4,2,5,0,5,11,17,0
34,34007,4944,0,1,1991,5,2,5,0,0,8,9,0
23,23019,984,1,0,1991,9,3,11,0,1,10,10,1
38,38037,6427,0,1,1991,10,4,4,0,0,13,13,1
34,34048,5010,1,1,1991,2,1,7,0,1,8,9,3
33,33019,4626,0,1,1991,3,1,7,0,0,15,11,0
20,20112,217,1,0,1990,10,4,4,0,1,14,14,0
25,25097,1697,1,0,1991,3,1,1,0,2,11,11,0
37,37184,5935,1,1,1991,2,1,5,0,1,14,9,4
37,37256,6101,1,1,1991,8,3,4,0,1,12,12,1
34,34164,5273,1,1,1991,7,3,2,0,1,13,11,0
22,22080,625,0,0,1991,3,1,5,0,0,12,11,2
37,37178,5925,0,1,1991,6,2,7,0,0,11,9,4
22,22049,548,1,0,1991,8,3,3,0,1,10,11,2
37,37030,5590,0,1,1991,5,2,7,0,0,12,10,1
37,37035,5603,0,1,1991,3,1,6,0,0,5,8,0
38,38085,6512,1,1,1991,5,2,7,0,1,11,11,0
37,37034,5601,1,1,1991,1,1,5,0,2,11,11,1
30,30016,3662,1,0,1991,6,2,2,0,2,12,13,0
38,38038,6430,1,1,1991,11,4,4,0,1,8,10,1
25,25204,1905,1,0,1991,4,2,6,0,2,10,9,0
31,31041,4106,0,0,1990,10,4,1,0,0,7,9,0
34,34009,4948,1,1,1991,3,1,4,0,2,11,12,1
23,23081,1123,1,0,1991,6,2,3,0,1,12,10,0
21,21041,382,0,0,1991,4,2,3,0,0,10,10,1
31,31199,4401,0,0,1990,12,4,6,0,0,5,9,0
33,33025,4641,1,1,1991,5,2,7,0,1,10,10,0
31,31234,4497,0,0,1991,6,2,6,0,0,11,10,0
25,25339,2231,0,0,1991,6,2,3,0,0,12,11,0
27,27041,3075,0,0,1991,8,3,5,0,0,12,10,2
38,38003,6348,0,1,1991,5,2,5,0,0,4,4,0
34,34085,5086,1,1,1991,3,1,5,0,1,15,10,1
38,38083,6509,0,1,1991,3,1,10,0,0,5,8,1
37,37326,6256,0,1,1991,10,4,2,0,0,13,10,0
22,22052,557,0,0,1991,8,3,3,0,0,10,11,0
22,22063,587,0,0,1991,5,2,2,0,0,14,11,0
37,37032,5597,0,1,1991,11,4,8,0,0,8,9,3
31,31013,4039,0,0,1991,8,3,4,0,0,10,10,0
38,38019,6380,1,1,1990,10,4,3,0,1,11,11,0
37,37294,6196,0,1,1991,3,1,1,0,0,10,10,1
27,27040,3071,0,0,1991,5,2,4,0,0,5,10,0
26,26118,2526,1,0,1991,2,1,4,0,1,10,9,2
37,37142,5857,1,1,1991,2,1,2,0,1,8,8,0
23,23093,1148,1,0,1991,10,4,3,0,1,8,8,1
25,25259,2030,1,0,1991,4,2,4,0,1,13,11,0
37,37033,5599,1,1,1991,6,2,7,0,1,12,10,2
36,36083,5511,1,1,1991,6,2,1,0,1,10,10,0
23,23087,1135,0,0,1991,2,1,2,0,0,11,10,0
34,34115,5162,1,1,1991,10,4,5,0,4,14,14,0
34,34057,5023,1,1,1990,11,4,6,0,7,13,15,1
31,31006,4019,0,0,1991,4,2,3,0,0,13,10,0
26,26284,2909,1,0,1991,5,2,1,0,4,12,10,0
34,34078,5072,1,1,1991,6,2,6,0,2,8,8,5
28,28113,3615,0,0,1991,10,4,1,0,0,8,17,0
37,37242,6069,0,1,1990,10,4,2,0,0,7,9,1
26,26205,2756,0,0,1991,1,1,1,0,0,5,8,1
26,26287,2916,1,0,1991,10,4,2,0,4,11,11,1
31,31200,4402,0,0,1990,12,4,6,0,0,10,10,1
28,28040,3468,1,0,1990,11,4,4,0,1,13,10,0
37,37145,5866,0,1,1991,6,2,2,0,0,10,9,0
37,37194,5951,1,1,1990,12,4,4,0,1,11,11,0
30,30019,3671,0,0,1991,6,2,2,0,0,13,11,0
22,22111,702,0,0,1991,4,2,4,0,0,11,11,0
37,37083,5716,0,1,1990,10,4,4,0,0,8,10,0
31,31088,4219,1,0,1991,2,1,1,0,1,8,11,0
33,33026,4643,0,1,1991,7,3,7,0,0,3,3,0
22,22021,501,0,0,1991,8,3,1,0,0,8,8,0
31,31202,4409,1,0,1991,3,1,7,0,1,8,10,1
27,27047,3088,1,0,1991,7,3,4,0,1,11,12,0
24,24022,1273,1,0,1991,1,1,6,0,1,10,8,1
31,31135,4310,0,0,1991,5,2,1,0,0,10,9,0
37,37118,5803,1,1,1991,2,1,4,0,1,13,10,2
30,30147,3927,0,0,1990,11,4,2,0,0,12,11,1
34,34177,5295,0,1,1991,4,2,1,0,0,10,10,1
30,30149,3931,1,0,1991,1,1,3,0,3,13,9,0
37,37005,5545,1,1,1991,1,1,8,0,1,10,11,1
31,31222,4462,0,0,1990,11,4,5,0,0,14,10,1
37,37073,5688,1,1,1990,10,4,4,0,6,13,14,3
30,30079,3776,1,0,1991,6,2,7,0,1,14,12,1
20,20099,193,1,0,1991,10,4,7,0,3,15,15,0
31,31217,4448,1,0,1990,11,4,5,0,1,12,11,2
23,23014,972,0,0,1991,1,1,9,0,0,5,7,0
34,34086,5088,1,1,1991,2,1,5,0,3,13,12,0
25,25339,2230,0,0,1991,1,1,2,0,0,9,8,0
27,27051,3099,0,0,1991,6,2,7,0,0,13,10,1
25,25132,1753,1,0,1990,11,4,6,0,1,12,12,0
26,26215,2783,1,0,1991,4,2,1,0,4,11,13,1
33,33091,4822,1,1,1991,9,3,4,0,2,15,11,0
22,22116,717,0,0,1991,5,2,4,0,0,10,10,0
22,22182,877,0,0,1991,10,4,2,0,0,11,11,0
34,34100,5121,1,1,1990,12,4,4,0,1,9,11,4
31,31203,4410,1,0,1990,11,4,6,0,1,14,11,1
25,25275,2072,1,0,1991,4,2,4,0,1,14,12,1
26,26123,2542,0,0,1991,7,3,6,0,0,9,9,1
34,34026,4981,1,1,1991,11,4,3,0,3,7,9,1
